ID,Label
1,10
2,49
3,38
4,97
5,52
6,76
7,5
8,85
9,29
10,18
11,23
12,20
13,45
14,27
15,2
16,6
17,38
18,72
19,77
20,6
21,10
22,19
23,12
24,56
25,47
26,65
27,73
28,46
29,29
30,83
31,19
32,76
33,84
34,2
35,97
36,22
37,69
38,56
39,6
40,21
41,33
42,37
43,65
44,41
45,36
46,8
47,74
48,93
49,25
50,50
51,4
52,91
53,39
54,81
55,34
56,94
57,73
58,16
59,33
60,71
61,55
62,88
63,86
64,99
65,84
66,8
67,10
68,55
69,47
70,11
71,67
72,91
73,15
74,100
75,24
76,77
77,32
78,62
79,40
80,18
81,81
82,1
83,46
84,13
85,2
86,79
87,96
88,53
89,55
90,71
91,42
92,76
93,15
94,93
95,22
96,93
97,3
98,49
99,73
100,46
101,97
102,9
103,68
104,19
105,44
106,34
107,13
108,49
109,62
110,55
111,43
112,36
113,48
114,24
115,83
116,86
117,62
118,98
119,48
120,93
121,22
122,65
123,14
124,13
125,13
126,6
127,59
128,52
129,100
130,86
131,25
132,88
133,63
134,76
135,5
136,74
137,55
138,98
139,75
140,97
141,62
142,1
143,40
144,67
145,20
146,53
147,10
148,79
149,22
150,26
151,79
152,33
153,76
154,84
155,48
156,78
157,1
158,83
159,59
160,30
161,70
162,43
163,64
164,36
165,75
166,24
167,39
168,57
169,67
170,1
171,36
172,98
173,95
174,69
175,5
176,35
177,51
178,15
179,22
180,26
181,52
182,75
183,24
184,18
185,69
186,9
187,59
188,99
189,88
190,40
191,15
192,97
193,39
194,34
195,29
196,64
197,70
198,18
199,89
200,90
201,59
202,64
203,10
204,20
205,43
206,22
207,15
208,76
209,8
210,18
211,3
212,67
213,59
214,90
215,61
216,18
217,31
218,92
219,54
220,28
221,86
222,52
223,61
224,83
225,62
226,37
227,35
228,44
229,19
230,54
231,63
232,50
233,41
234,18
235,87
236,52
237,65
238,85
239,24
240,74
241,81
242,74
243,58
244,33
245,1
246,95
247,26
248,97
249,38
250,88
251,88
252,26
253,4
254,37
255,9
256,29
257,90
258,76
259,87
260,35
261,97
262,22
263,97
264,87
265,38
266,94
267,72
268,8
269,5
270,72
271,1
272,22
273,38
274,11
275,12
276,33
277,44
278,42
279,44
280,64
281,80
282,64
283,95
284,87
285,61
286,97
287,33
288,99
289,6
290,48
291,96
292,35
293,33
294,51
295,36
296,37
297,32
298,99
299,94
300,40
301,38
302,66
303,97
304,33
305,1
306,41
307,80
308,13
309,80
310,98
311,1
312,73
313,78
314,71
315,34
316,19
317,26
318,36
319,65
320,80
321,59
322,76
323,35
324,17
325,25
326,35
327,69
328,39
329,9
330,87
331,92
332,88
333,54
334,1
335,71
336,3
337,99
338,48
339,86
340,57
341,20
342,71
343,99
344,90
345,4
346,14
347,19
348,61
349,44
350,5
351,71
352,28
353,36
354,9
355,88
356,89
357,25
358,68
359,63
360,70
361,42
362,15
363,4
364,49
365,71
366,26
367,26
368,99
369,4
370,98
371,19
372,95
373,76
374,59
375,20
376,80
377,9
378,98
379,2
380,37
381,21
382,24
383,87
384,100
385,94
386,35
387,80
388,42
389,10
390,50
391,73
392,29
393,3
394,93
395,5
396,92
397,35
398,53
399,47
400,54
401,60
402,65
403,70
404,75
405,92
406,59
407,66
408,28
409,64
410,42
411,45
412,88
413,68
414,85
415,1
416,93
417,75
418,18
419,8
420,61
421,12
422,88
423,15
424,68
425,49
426,52
427,55
428,5
429,71
430,95
431,34
432,90
433,25
434,32
435,25
436,19
437,20
438,76
439,68
440,54
441,58
442,49
443,83
444,19
445,84
446,3
447,97
448,85
449,75
450,29
451,36
452,20
453,98
454,16
455,50
456,61
457,81
458,58
459,77
460,57
461,72
462,84
463,6
464,48
465,46
466,67
467,32
468,47
469,26
470,53
471,72
472,56
473,92
474,93
475,73
476,80
477,49
478,59
479,22
480,87
481,45
482,20
483,89
484,82
485,69
486,19
487,69
488,68
489,28
490,42
491,17
492,85
493,75
494,31
495,44
496,95
497,30
498,8
499,100
500,80
501,25
502,66
503,53
504,53
505,35
506,20
507,66
508,21
509,28
510,100
511,65
512,57
513,77
514,67
515,92
516,29
517,29
518,77
519,72
520,89
521,75
522,29
523,15
524,45
525,87
526,8
527,80
528,60
529,21
530,63
531,21
532,44
533,64
534,90
535,44
536,5
537,98
538,93
539,58
540,44
541,24
542,1
543,22
544,75
545,7
546,53
547,27
548,97
549,80
550,70
551,54
552,64
553,36
554,34
555,36
556,73
557,7
558,57
559,77
560,28
561,53
562,48
563,57
564,75
565,77
566,37
567,45
568,82
569,64
570,18
571,92
572,93
573,90
574,24
575,69
576,34
577,49
578,62
579,21
580,37
581,4
582,44
583,26
584,95
585,29
586,62
587,84
588,29
589,83
590,84
591,33
592,44
593,49
594,51
595,96
596,9
597,87
598,17
599,38
600,47
601,5
602,8
603,40
604,68
605,33
606,50
607,88
608,22
609,72
610,1
611,27
612,56
613,61
614,20
615,33
616,47
617,56
618,1
619,42
620,6
621,70
622,14
623,81
624,74
625,28
626,44
627,10
628,4
629,34
630,9
631,13
632,75
633,13
634,25
635,16
636,72
637,84
638,28
639,88
640,67
641,9
642,27
643,50
644,75
645,28
646,72
647,74
648,2
649,71
650,91
651,3
652,97
653,36
654,20
655,53
656,75
657,20
658,88
659,35
660,34
661,6
662,48
663,32
664,89
665,72
666,25
667,76
668,32
669,84
670,88
671,39
672,32
673,29
674,40
675,97
676,91
677,68
678,22
679,71
680,25
681,78
682,37
683,100
684,17
685,80
686,6
687,63
688,67
689,10
690,68
691,45
692,86
693,40
694,65
695,17
696,18
697,62
698,37
699,87
700,80
701,73
702,22
703,24
704,17
705,39
706,34
707,7
708,11
709,80
710,80
711,40
712,60
713,7
714,75
715,81
716,10
717,83
718,40
719,1
720,19
721,10
722,69
723,32
724,74
725,65
726,6
727,2
728,32
729,36
730,80
731,19
732,49
733,19
734,19
735,91
736,70
737,38
738,28
739,52
740,24
741,4
742,7
743,94
744,50
745,50
746,21
747,2
748,27
749,40
750,33
751,14
752,48
753,72
754,44
755,92
756,90
757,70
758,72
759,92
760,11
761,23
762,19
763,33
764,19
765,21
766,61
767,98
768,62
769,50
770,64
771,4
772,52
773,48
774,6
775,24
776,30
777,28
778,3
779,1
780,62
781,49
782,34
783,51
784,51
785,18
786,2
787,65
788,10
789,77
790,2
791,72
792,47
793,67
794,96
795,10
796,68
797,9
798,25
799,57
800,41
801,14
802,43
803,37
804,72
805,26
806,100
807,80
808,21
809,81
810,89
811,24
812,93
813,5
814,73
815,29
816,7
817,22
818,58
819,73
820,8
821,61
822,59
823,62
824,1
825,5
826,7
827,20
828,44
829,62
830,31
831,88
832,92
833,53
834,7
835,54
836,25
837,74
838,84
839,93
840,53
841,34
842,24
843,21
844,39
845,26
846,24
847,90
848,84
849,92
850,74
851,40
852,74
853,86
854,19
855,91
856,100
857,91
858,44
859,27
860,64
861,80
862,66
863,54
864,21
865,53
866,5
867,44
868,76
869,69
870,47
871,13
872,42
873,91
874,79
875,92
876,10
877,36
878,93
879,53
880,75
881,37
882,96
883,62
884,10
885,28
886,18
887,13
888,28
889,99
890,84
891,46
892,60
893,94
894,59
895,55
896,47
897,20
898,55
899,75
900,37
901,87
902,10
903,67
904,57
905,88
906,7
907,36
908,21
909,6
910,13
911,15
912,7
913,72
914,62
915,68
916,47
917,53
918,34
919,60
920,89
921,64
922,6
923,55
924,44
925,49
926,58
927,79
928,78
929,75
930,46
931,92
932,48
933,15
934,41
935,80
936,30
937,55
938,32
939,57
940,81
941,20
942,88
943,2
944,97
945,86
946,69
947,40
948,15
949,80
950,12
951,8
952,36
953,91
954,74
955,76
956,32
957,2
958,91
959,89
960,24
961,73
962,27
963,6
964,95
965,26
966,86
967,22
968,69
969,19
970,89
971,92
972,44
973,35
974,20
975,25
976,19
977,8
978,12
979,57
980,84
981,78
982,20
983,62
984,9
985,57
986,61
987,50
988,84
989,64
990,78
991,47
992,94
993,71
994,64
995,69
996,38
997,63
998,36
999,46
1000,80
1001,93
1002,36
1003,72
1004,28
1005,6
1006,81
1007,53
1008,92
1009,39
1010,59
1011,53
1012,34
1013,99
1014,46
1015,58
1016,67
1017,45
1018,38
1019,2
1020,96
1021,61
1022,98
1023,42
1024,5
1025,26
1026,7
1027,96
1028,80
1029,34
1030,4
1031,81
1032,61
1033,97
1034,66
1035,28
1036,66
1037,34
1038,34
1039,52
1040,4
1041,93
1042,32
1043,90
1044,96
1045,89
1046,14
1047,93
1048,22
1049,71
1050,35
1051,12
1052,84
1053,22
1054,96
1055,11
1056,47
1057,28
1058,100
1059,95
1060,86
1061,31
1062,42
1063,25
1064,84
1065,7
1066,91
1067,90
1068,64
1069,39
1070,90
1071,13
1072,63
1073,28
1074,100
1075,82
1076,1
1077,56
1078,66
1079,24
1080,21
1081,78
1082,32
1083,23
1084,10
1085,87
1086,26
1087,68
1088,81
1089,80
1090,25
1091,96
1092,81
1093,66
1094,78
1095,12
1096,43
1097,45
1098,28
1099,73
1100,16
1101,95
1102,46
1103,52
1104,36
1105,66
1106,36
1107,82
1108,19
1109,62
1110,40
1111,98
1112,34
1113,46
1114,61
1115,23
1116,20
1117,32
1118,20
1119,43
1120,13
1121,1
1122,50
1123,39
1124,62
1125,33
1126,70
1127,90
1128,17
1129,59
1130,19
1131,98
1132,59
1133,57
1134,4
1135,29
1136,81
1137,99
1138,79
1139,72
1140,28
1141,39
1142,8
1143,12
1144,88
1145,31
1146,18
1147,39
1148,75
1149,4
1150,56
1151,86
1152,44
1153,13
1154,47
1155,97
1156,26
1157,69
1158,72
1159,33
1160,71
1161,49
1162,35
1163,88
1164,5
1165,81
1166,46
1167,4
1168,76
1169,80
1170,13
1171,26
1172,60
1173,59
1174,28
1175,1
1176,86
1177,63
1178,56
1179,30
1180,97
1181,17
1182,28
1183,6
1184,48
1185,84
1186,17
1187,49
1188,19
1189,80
1190,41
1191,52
1192,52
1193,75
1194,98
1195,69
1196,14
1197,5
1198,5
1199,85
1200,13
1201,90
1202,42
1203,2
1204,12
1205,76
1206,1
1207,67
1208,35
1209,16
1210,37
1211,17
1212,19
1213,71
1214,78
1215,74
1216,53
1217,66
1218,88
1219,63
1220,67
1221,9
1222,58
1223,89
1224,28
1225,49
1226,76
1227,61
1228,87
1229,33
1230,32
1231,60
1232,58
1233,20
1234,69
1235,90
1236,62
1237,42
1238,56
1239,33
1240,90
1241,57
1242,51
1243,98
1244,61
1245,40
1246,99
1247,18
1248,62
1249,70
1250,22
1251,43
1252,30
1253,64
1254,46
1255,70
1256,31
1257,65
1258,63
1259,26
1260,60
1261,46
1262,53
1263,87
1264,19
1265,34
1266,49
1267,5
1268,37
1269,68
1270,30
1271,57
1272,7
1273,57
1274,40
1275,22
1276,6
1277,66
1278,43
1279,69
1280,24
1281,19
1282,42
1283,98
1284,44
1285,77
1286,77
1287,22
1288,90
1289,77
1290,39
1291,78
1292,52
1293,89
1294,45
1295,84
1296,56
1297,70
1298,30
1299,33
1300,33
1301,65
1302,32
1303,79
1304,69
1305,25
1306,18
1307,90
1308,80
1309,88
1310,97
1311,53
1312,37
1313,10
1314,30
1315,22
1316,40
1317,63
1318,76
1319,14
1320,89
1321,42
1322,36
1323,27
1324,43
1325,21
1326,76
1327,95
1328,19
1329,53
1330,8
1331,26
1332,77
1333,8
1334,84
1335,16
1336,77
1337,16
1338,41
1339,44
1340,48
1341,13
1342,1
1343,84
1344,20
1345,49
1346,28
1347,85
1348,90
1349,47
1350,49
1351,4
1352,81
1353,22
1354,57
1355,80
1356,45
1357,7
1358,47
1359,66
1360,27
1361,33
1362,77
1363,93
1364,81
1365,82
1366,54
1367,49
1368,61
1369,84
1370,97
1371,53
1372,20
1373,25
1374,12
1375,16
1376,95
1377,63
1378,63
1379,41
1380,93
1381,96
1382,52
1383,47
1384,84
1385,61
1386,92
1387,72
1388,77
1389,30
1390,40
1391,6
1392,77
1393,40
1394,37
1395,57
1396,59
1397,45
1398,68
1399,98
1400,24
1401,68
1402,63
1403,53
1404,9
1405,52
1406,42
1407,44
1408,3
1409,49
1410,19
1411,6
1412,17
1413,80
1414,13
1415,10
1416,71
1417,77
1418,89
1419,92
1420,92
1421,5
1422,98
1423,92
1424,70
1425,45
1426,72
1427,54
1428,84
1429,91
1430,14
1431,27
1432,50
1433,9
1434,14
1435,21
1436,68
1437,1
1438,37
1439,52
1440,79
1441,75
1442,40
1443,21
1444,28
1445,90
1446,2
1447,36
1448,29
1449,37
1450,3
1451,51
1452,77
1453,89
1454,72
1455,86
1456,90
1457,82
1458,19
1459,10
1460,99
1461,67
1462,22
1463,66
1464,94
1465,70
1466,97
1467,71
1468,77
1469,55
1470,58
1471,27
1472,56
1473,32
1474,94
1475,84
1476,9
1477,37
1478,2
1479,97
1480,19
1481,46
1482,21
1483,27
1484,10
1485,6
1486,98
1487,68
1488,8
1489,77
1490,21
1491,38
1492,57
1493,79
1494,21
1495,14
1496,16
1497,53
1498,78
1499,71
1500,1
1501,81
1502,80
1503,85
1504,45
1505,11
1506,3
1507,8
1508,15
1509,70
1510,77
1511,84
1512,67
1513,18
1514,83
1515,88
1516,16
1517,58
1518,5
1519,64
1520,89
1521,99
1522,79
1523,9
1524,16
1525,2
1526,97
1527,19
1528,54
1529,73
1530,28
1531,50
1532,92
1533,17
1534,55
1535,92
1536,7
1537,98
1538,13
1539,43
1540,42
1541,3
1542,18
1543,45
1544,55
1545,34
1546,25
1547,34
1548,76
1549,62
1550,75
1551,74
1552,80
1553,29
1554,19
1555,80
1556,90
1557,82
1558,48
1559,9
1560,44
1561,6
1562,11
1563,1
1564,72
1565,26
1566,76
1567,6
1568,72
1569,86
1570,30
1571,37
1572,72
1573,3
1574,20
1575,66
1576,59
1577,3
1578,37
1579,22
1580,68
1581,19
1582,58
1583,58
1584,70
1585,31
1586,13
1587,42
1588,93
1589,4
1590,23
1591,27
1592,93
1593,66
1594,19
1595,1
1596,2
1597,21
1598,65
1599,43
1600,91
1601,73
1602,92
1603,3
1604,6
1605,3
1606,22
1607,58
1608,95
1609,62
1610,8
1611,40
1612,94
1613,100
1614,75
1615,21
1616,56
1617,95
1618,25
1619,21
1620,89
1621,17
1622,29
1623,55
1624,33
1625,13
1626,64
1627,7
1628,13
1629,13
1630,27
1631,6
1632,53
1633,3
1634,99
1635,66
1636,25
1637,42
1638,82
1639,96
1640,77
1641,66
1642,64
1643,87
1644,62
1645,72
1646,19
1647,21
1648,46
1649,2
1650,92
1651,12
1652,47
1653,91
1654,94
1655,18
1656,20
1657,34
1658,40
1659,83
1660,40
1661,26
1662,23
1663,34
1664,80
1665,87
1666,44
1667,13
1668,98
1669,3
1670,95
1671,44
1672,21
1673,91
1674,79
1675,90
1676,60
1677,27
1678,68
1679,37
1680,74
1681,20
1682,80
1683,65
1684,58
1685,79
1686,80
1687,75
1688,60
1689,93
1690,17
1691,14
1692,32
1693,2
1694,91
1695,55
1696,18
1697,37
1698,90
1699,69
1700,13
1701,97
1702,87
1703,55
1704,47
1705,68
1706,64
1707,92
1708,77
1709,71
1710,59
1711,62
1712,14
1713,64
1714,19
1715,72
1716,37
1717,24
1718,37
1719,44
1720,69
1721,70
1722,1
1723,73
1724,92
1725,50
1726,79
1727,42
1728,81
1729,32
1730,78
1731,79
1732,32
1733,26
1734,80
1735,37
1736,98
1737,59
1738,7
1739,26
1740,26
1741,65
1742,49
1743,7
1744,87
1745,13
1746,94
1747,44
1748,95
1749,25
1750,12
1751,20
1752,86
1753,98
1754,55
1755,6
1756,63
1757,4
1758,99
1759,10
1760,30
1761,40
1762,70
1763,92
1764,80
1765,6
1766,95
1767,69
1768,70
1769,2
1770,95
1771,65
1772,46
1773,63
1774,97
1775,24
1776,82
1777,78
1778,76
1779,70
1780,11
1781,61
1782,77
1783,98
1784,17
1785,5
1786,13
1787,35
1788,8
1789,72
1790,86
1791,13
1792,7
1793,100
1794,2
1795,20
1796,29
1797,15
1798,8
1799,86
1800,79
1801,14
1802,23
1803,82
1804,46
1805,49
1806,20
1807,13
1808,100
1809,56
1810,57
1811,14
1812,40
1813,17
1814,80
1815,66
1816,57
1817,81
1818,36
1819,87
1820,3
1821,18
1822,18
1823,1
1824,61
1825,52
1826,6
1827,73
1828,29
1829,74
1830,66
1831,28
1832,66
1833,85
1834,18
1835,8
1836,83
1837,84
1838,20
1839,10
1840,44
1841,29
1842,49
1843,27
1844,24
1845,37
1846,21
1847,6
1848,27
1849,18
1850,10
1851,37
1852,81
1853,14
1854,35
1855,33
1856,85
1857,21
1858,2
1859,97
1860,11
1861,50
1862,91
1863,35
1864,42
1865,9
1866,47
1867,99
1868,24
1869,63
1870,38
1871,73
1872,53
1873,40
1874,92
1875,16
1876,45
1877,59
1878,64
1879,88
1880,75
1881,41
1882,18
1883,7
1884,14
1885,45
1886,80
1887,79
1888,5
1889,36
1890,8
1891,43
1892,97
1893,41
1894,15
1895,90
1896,14
1897,31
1898,48
1899,65
1900,53
1901,25
1902,44
1903,34
1904,15
1905,66
1906,52
1907,26
1908,1
1909,13
1910,27
1911,5
1912,26
1913,60
1914,32
1915,53
1916,27
1917,60
1918,95
1919,26
1920,90
1921,13
1922,80
1923,4
1924,16
1925,64
1926,32
1927,7
1928,87
1929,57
1930,61
1931,72
1932,77
1933,45
1934,37
1935,62
1936,56
1937,24
1938,40
1939,89
1940,61
1941,25
1942,80
1943,5
1944,63
1945,45
1946,97
1947,37
1948,98
1949,74
1950,58
1951,68
1952,60
1953,61
1954,2
1955,53
1956,19
1957,47
1958,98
1959,57
1960,85
1961,65
1962,74
1963,35
1964,67
1965,36
1966,70
1967,37
1968,52
1969,24
1970,87
1971,31
1972,96
1973,69
1974,59
1975,8
1976,11
1977,44
1978,11
1979,9
1980,17
1981,25
1982,72
1983,42
1984,29
1985,70
1986,27
1987,98
1988,75
1989,59
1990,99
1991,30
1992,84
1993,54
1994,85
1995,56
1996,29
1997,42
1998,23
1999,41
2000,70
2001,63
2002,28
2003,72
2004,95
2005,28
2006,100
2007,71
2008,71
2009,71
2010,100
2011,90
2012,64
2013,22
2014,46
2015,56
2016,51
2017,76
2018,87
2019,15
2020,100
2021,43
2022,39
2023,36
2024,71
2025,2
2026,53
2027,54
2028,76
2029,6
2030,71
2031,16
2032,16
2033,19
2034,69
2035,53
2036,50
2037,24
2038,16
2039,15
2040,86
2041,21
2042,71
2043,22
2044,6
2045,35
2046,39
2047,63
2048,17
2049,13
2050,44
2051,59
2052,9
2053,69
2054,50
2055,48
2056,72
2057,65
2058,56
2059,30
2060,60
2061,35
2062,2
2063,67
2064,91
2065,78
2066,75
2067,100
2068,6
2069,74
2070,80
2071,1
2072,61
2073,84
2074,36
2075,19
2076,29
2077,67
2078,12
2079,5
2080,98
2081,28
2082,72
2083,71
2084,34
2085,21
2086,32
2087,94
2088,29
2089,22
2090,70
2091,88
2092,20
2093,17
2094,31
2095,79
2096,61
2097,68
2098,18
2099,82
2100,19
2101,60
2102,5
2103,38
2104,24
2105,98
2106,42
2107,47
2108,7
2109,68
2110,32
2111,87
2112,97
2113,48
2114,76
2115,56
2116,45
2117,22
2118,76
2119,80
2120,4
2121,69
2122,30
2123,34
2124,86
2125,28
2126,55
2127,60
2128,75
2129,41
2130,24
2131,25
2132,1
2133,28
2134,59
2135,69
2136,52
2137,16
2138,19
2139,66
2140,44
2141,42
2142,41
2143,62
2144,15
2145,63
2146,85
2147,93
2148,10
2149,80
2150,57
2151,62
2152,97
2153,50
2154,37
2155,82
2156,20
2157,82
2158,54
2159,25
2160,58
2161,1
2162,71
2163,56
2164,71
2165,55
2166,35
2167,83
2168,55
2169,8
2170,69
2171,33
2172,31
2173,29
2174,9
2175,8
2176,23
2177,31
2178,80
2179,8
2180,43
2181,77
2182,54
2183,24
2184,42
2185,22
2186,80
2187,93
2188,68
2189,84
2190,44
2191,44
2192,7
2193,53
2194,25
2195,40
2196,21
2197,86
2198,32
2199,77
2200,4
2201,65
2202,15
2203,70
2204,66
2205,25
2206,55
2207,68
2208,20
2209,84
2210,57
2211,55
2212,97
2213,30
2214,9
2215,57
2216,56
2217,38
2218,26
2219,94
2220,8
2221,44
2222,29
2223,22
2224,10
2225,24
2226,5
2227,67
2228,66
2229,37
2230,8
2231,10
2232,42
2233,38
2234,91
2235,69
2236,76
2237,5
2238,28
2239,98
2240,84
2241,100
2242,20
2243,48
2244,18
2245,29
2246,68
2247,84
2248,32
2249,12
2250,35
2251,51
2252,4
2253,44
2254,22
2255,58
2256,22
2257,87
2258,31
2259,53
2260,64
2261,1
2262,35
2263,17
2264,65
2265,17
2266,89
2267,17
2268,99
2269,25
2270,74
2271,88
2272,4
2273,1
2274,9
2275,74
2276,67
2277,61
2278,31
2279,92
2280,71
2281,61
2282,27
2283,96
2284,37
2285,85
2286,87
2287,47
2288,34
2289,76
2290,79
2291,56
2292,23
2293,50
2294,84
2295,56
2296,92
2297,21
2298,93
2299,49
2300,81
2301,34
2302,62
2303,62
2304,7
2305,88
2306,11
2307,46
2308,72
2309,2
2310,98
2311,30
2312,65
2313,53
2314,27
2315,99
2316,25
2317,69
2318,70
2319,22
2320,83
2321,29
2322,8
2323,52
2324,88
2325,57
2326,43
2327,87
2328,53
2329,74
2330,40
2331,80
2332,4
2333,27
2334,28
2335,53
2336,17
2337,91
2338,1
2339,40
2340,2
2341,92
2342,39
2343,26
2344,90
2345,62
2346,22
2347,84
2348,71
2349,11
2350,58
2351,40
2352,75
2353,67
2354,25
2355,20
2356,2
2357,94
2358,84
2359,94
2360,32
2361,31
2362,88
2363,50
2364,19
2365,52
2366,91
2367,28
2368,36
2369,1
2370,95
2371,17
2372,35
2373,79
2374,44
2375,20
2376,54
2377,5
2378,22
2379,79
2380,25
2381,84
2382,72
2383,28
2384,36
2385,10
2386,73
2387,42
2388,47
2389,75
2390,97
2391,48
2392,49
2393,21
2394,19
2395,35
2396,6
2397,26
2398,10
2399,62
2400,67
2401,80
2402,58
2403,7
2404,72
2405,17
2406,28
2407,4
2408,47
2409,100
2410,63
2411,28
2412,5
2413,62
2414,46
2415,40
2416,19
2417,36
2418,72
2419,15
2420,84
2421,34
2422,32
2423,54
2424,92
2425,43
2426,11
2427,79
2428,25
2429,83
2430,37
2431,44
2432,63
2433,17
2434,70
2435,71
2436,22
2437,18
2438,97
2439,22
2440,82
2441,97
2442,21
2443,1
2444,56
2445,84
2446,73
2447,84
2448,43
2449,58
2450,91
2451,19
2452,70
2453,61
2454,90
2455,6
2456,86
2457,65
2458,9
2459,66
2460,79
2461,23
2462,16
2463,53
2464,85
2465,50
2466,57
2467,17
2468,54
2469,82
2470,11
2471,6
2472,69
2473,45
2474,16
2475,75
2476,97
2477,50
2478,50
2479,65
2480,17
2481,14
2482,71
2483,56
2484,58
2485,66
2486,92
2487,85
2488,36
2489,27
2490,65
2491,18
2492,79
2493,2
2494,9
2495,14
2496,74
2497,11
2498,32
2499,45
2500,24
2501,75
2502,62
2503,49
2504,98
2505,93
2506,92
2507,1
2508,94
2509,33
2510,59
2511,59
2512,6
2513,78
2514,99
2515,49
2516,19
2517,53
2518,7
2519,40
2520,7
2521,90
2522,50
2523,24
2524,17
2525,79
2526,27
2527,2
2528,48
2529,92
2530,73
2531,40
2532,71
2533,49
2534,71
2535,48
2536,62
2537,74
2538,57
2539,44
2540,25
2541,47
2542,44
2543,39
2544,89
2545,22
2546,18
2547,26
2548,51
2549,80
2550,69
2551,66
2552,50
2553,75
2554,39
2555,84
2556,19
2557,60
2558,71
2559,85
2560,70
2561,37
2562,33
2563,19
2564,55
2565,10
2566,64
2567,24
2568,30
2569,96
2570,21
2571,72
2572,92
2573,3
2574,96
2575,62
2576,98
2577,86
2578,36
2579,61
2580,61
2581,54
2582,92
2583,52
2584,70
2585,62
2586,6
2587,61
2588,96
2589,98
2590,10
2591,96
2592,55
2593,54
2594,11
2595,83
2596,77
2597,86
2598,17
2599,7
2600,93
2601,57
2602,80
2603,30
2604,54
2605,65
2606,59
2607,54
2608,74
2609,82
2610,34
2611,22
2612,89
2613,86
2614,36
2615,1
2616,9
2617,91
2618,70
2619,59
2620,6
2621,98
2622,43
2623,67
2624,26
2625,36
2626,31
2627,43
2628,22
2629,38
2630,14
2631,98
2632,55
2633,68
2634,25
2635,53
2636,23
2637,71
2638,76
2639,68
2640,36
2641,2
2642,87
2643,35
2644,76
2645,32
2646,100
2647,21
2648,46
2649,33
2650,73
2651,14
2652,32
2653,36
2654,72
2655,57
2656,15
2657,36
2658,40
2659,20
2660,42
2661,81
2662,66
2663,80
2664,98
2665,40
2666,53
2667,56
2668,20
2669,91
2670,10
2671,57
2672,75
2673,87
2674,24
2675,26
2676,27
2677,71
2678,6
2679,19
2680,15
2681,78
2682,32
2683,5
2684,59
2685,32
2686,69
2687,51
2688,19
2689,41
2690,86
2691,33
2692,35
2693,80
2694,13
2695,46
2696,16
2697,82
2698,61
2699,99
2700,57
2701,40
2702,54
2703,94
2704,71
2705,57
2706,28
2707,16
2708,52
2709,79
2710,68
2711,12
2712,60
2713,20
2714,10
2715,84
2716,68
2717,97
2718,32
2719,80
2720,53
2721,81
2722,20
2723,54
2724,30
2725,69
2726,80
2727,49
2728,85
2729,95
2730,97
2731,10
2732,11
2733,68
2734,43
2735,34
2736,64
2737,46
2738,6
2739,18
2740,90
2741,18
2742,56
2743,33
2744,28
2745,61
2746,8
2747,42
2748,64
2749,38
2750,76
2751,7
2752,46
2753,20
2754,59
2755,66
2756,55
2757,94
2758,49
2759,21
2760,54
2761,55
2762,62
2763,30
2764,1
2765,97
2766,2
2767,73
2768,6
2769,75
2770,69
2771,49
2772,55
2773,45
2774,90
2775,98
2776,5
2777,68
2778,79
2779,62
2780,63
2781,35
2782,34
2783,55
2784,42
2785,49
2786,52
2787,5
2788,15
2789,9
2790,9
2791,25
2792,36
2793,9
2794,12
2795,24
2796,78
2797,30
2798,2
2799,75
2800,29
2801,96
2802,57
2803,63
2804,81
2805,44
2806,2
2807,23
2808,45
2809,64
2810,61
2811,52
2812,40
2813,98
2814,86
2815,1
2816,34
2817,25
2818,36
2819,40
2820,62
2821,80
2822,97
2823,96
2824,88
2825,72
2826,79
2827,50
2828,58
2829,7
2830,98
2831,6
2832,40
2833,17
2834,76
2835,39
2836,88
2837,36
2838,96
2839,70
2840,73
2841,75
2842,69
2843,2
2844,34
2845,56
2846,32
2847,84
2848,27
2849,100
2850,36
2851,87
2852,66
2853,39
2854,50
2855,6
2856,81
2857,51
2858,74
2859,10
2860,87
2861,76
2862,76
2863,87
2864,9
2865,94
2866,8
2867,14
2868,17
2869,6
2870,43
2871,3
2872,44
2873,88
2874,75
2875,37
2876,70
2877,74
2878,71
2879,78
2880,79
2881,65
2882,78
2883,16
2884,83
2885,5
2886,15
2887,65
2888,86
2889,34
2890,76
2891,7
2892,40
2893,96
2894,29
2895,35
2896,85
2897,100
2898,80
2899,61
2900,54
2901,54
2902,4
2903,100
2904,20
2905,41
2906,9
2907,13
2908,98
2909,58
2910,53
2911,32
2912,79
2913,21
2914,54
2915,4
2916,89
2917,31
2918,94
2919,19
2920,73
2921,90
2922,15
2923,90
2924,1
2925,99
2926,48
2927,69
2928,56
2929,30
2930,96
2931,36
2932,86
2933,46
2934,22
2935,52
2936,64
2937,49
2938,80
2939,50
2940,19
2941,35
2942,34
2943,70
2944,28
2945,65
2946,95
2947,58
2948,74
2949,58
2950,92
2951,99
2952,100
2953,6
2954,70
2955,69
2956,44
2957,77
2958,58
2959,7
2960,65
2961,21
2962,80
2963,74
2964,80
2965,75
2966,40
2967,83
2968,100
2969,92
2970,62
2971,68
2972,28
2973,98
2974,22
2975,74
2976,59
2977,32
2978,80
2979,71
2980,95
2981,44
2982,79
2983,6
2984,86
2985,13
2986,93
2987,77
2988,72
2989,77
2990,48
2991,56
2992,45
2993,3
2994,6
2995,94
2996,75
2997,25
2998,22
2999,67
3000,60
3001,19
3002,90
3003,90
3004,14
3005,61
3006,89
3007,35
3008,6
3009,32
3010,4
3011,37
3012,54
3013,52
3014,97
3015,64
3016,97
3017,70
3018,70
3019,35
3020,23
3021,79
3022,62
3023,43
3024,22
3025,6
3026,35
3027,94
3028,63
3029,22
3030,62
3031,10
3032,25
3033,39
3034,53
3035,36
3036,2
3037,10
3038,52
3039,43
3040,43
3041,64
3042,2
3043,79
3044,82
3045,85
3046,70
3047,68
3048,45
3049,97
3050,24
3051,73
3052,2
3053,21
3054,78
3055,69
3056,44
3057,10
3058,86
3059,5
3060,69
3061,27
3062,67
3063,86
3064,22
3065,4
3066,93
3067,44
3068,8
3069,71
3070,95
3071,76
3072,53
3073,93
3074,76
3075,19
3076,66
3077,95
3078,1
3079,44
3080,59
3081,69
3082,70
3083,36
3084,57
3085,77
3086,25
3087,47
3088,35
3089,94
3090,50
3091,86
3092,99
3093,71
3094,65
3095,100
3096,10
3097,34
3098,36
3099,67
3100,74
3101,53
3102,2
3103,33
3104,87
3105,87
3106,95
3107,75
3108,84
3109,3
3110,79
3111,50
3112,83
3113,22
3114,2
3115,91
3116,62
3117,59
3118,65
3119,62
3120,29
3121,33
3122,72
3123,48
3124,35
3125,34
3126,87
3127,49
3128,25
3129,9
3130,76
3131,81
3132,48
3133,8
3134,9
3135,99
3136,52
3137,61
3138,47
3139,84
3140,37
3141,39
3142,87
3143,72
3144,55
3145,95
3146,85
3147,69
3148,1
3149,67
3150,19
3151,7
3152,28
3153,7
3154,63
3155,71
3156,38
3157,66
3158,37
3159,92
3160,22
3161,100
3162,58
3163,5
3164,78
3165,48
3166,97
3167,67
3168,50
3169,50
3170,7
3171,15
3172,63
3173,2
3174,30
3175,98
3176,20
3177,71
3178,9
3179,96
3180,60
3181,82
3182,93
3183,96
3184,29
3185,45
3186,28
3187,4
3188,71
3189,18
3190,9
3191,33
3192,29
3193,46
3194,95
3195,86
3196,90
3197,34
3198,14
3199,73
3200,51
3201,47
3202,83
3203,64
3204,47
3205,69
3206,64
3207,100
3208,76
3209,67
3210,73
3211,90
3212,88
3213,14
3214,99
3215,79
3216,71
3217,5
3218,60
3219,43
3220,23
3221,25
3222,93
3223,4
3224,23
3225,98
3226,22
3227,17
3228,54
3229,97
3230,47
3231,25
3232,39
3233,1
3234,53
3235,6
3236,14
3237,32
3238,68
3239,17
3240,44
3241,95
3242,62
3243,49
3244,30
3245,33
3246,68
3247,10
3248,19
3249,100
3250,9
3251,28
3252,48
3253,15
3254,87
3255,13
3256,17
3257,10
3258,97
3259,71
3260,25
3261,71
3262,14
3263,56
3264,68
3265,32
3266,18
3267,30
3268,30
3269,92
3270,27
3271,48
3272,14
3273,2
3274,28
3275,4
3276,97
3277,55
3278,76
3279,4
3280,74
3281,79
3282,88
3283,20
3284,66
3285,20
3286,32
3287,90
3288,65
3289,42
3290,13
3291,59
3292,71
3293,72
3294,7
3295,89
3296,47
3297,92
3298,30
3299,87
3300,85
3301,28
3302,37
3303,29
3304,46
3305,47
3306,66
3307,70
3308,69
3309,65
3310,67
3311,39
3312,69
3313,7
3314,76
3315,13
3316,10
3317,90
3318,34
3319,19
3320,18
3321,62
3322,26
3323,56
3324,68
3325,10
3326,23
3327,20
3328,55
3329,81
3330,40
3331,45
3332,85
3333,53
3334,25
3335,97
3336,24
3337,37
3338,92
3339,79
3340,15
3341,88
3342,21
3343,95
3344,88
3345,95
3346,51
3347,84
3348,21
3349,28
3350,70
3351,29
3352,99
3353,21
3354,84
3355,12
3356,1
3357,82
3358,3
3359,100
3360,83
3361,78
3362,41
3363,16
3364,29
3365,3
3366,18
3367,86
3368,70
3369,81
3370,73
3371,13
3372,80
3373,89
3374,8
3375,6
3376,79
3377,41
3378,96
3379,9
3380,83
3381,63
3382,27
3383,49
3384,88
3385,94
3386,29
3387,19
3388,4
3389,77
3390,61
3391,97
3392,87
3393,65
3394,38
3395,88
3396,29
3397,57
3398,38
3399,13
3400,10
3401,25
3402,25
3403,32
3404,78
3405,39
3406,11
3407,76
3408,34
3409,28
3410,33
3411,98
3412,83
3413,33
3414,93
3415,4
3416,88
3417,42
3418,51
3419,81
3420,70
3421,28
3422,39
3423,65
3424,33
3425,70
3426,70
3427,18
3428,97
3429,36
3430,91
3431,25
3432,23
3433,48
3434,65
3435,66
3436,13
3437,83
3438,51
3439,67
3440,42
3441,4
3442,52
3443,91
3444,64
3445,53
3446,7
3447,12
3448,51
3449,68
3450,73
3451,28
3452,41
3453,28
3454,37
3455,18
3456,16
3457,84
3458,80
3459,77
3460,69
3461,51
3462,75
3463,2
3464,7
3465,79
3466,91
3467,17
3468,24
3469,89
3470,21
3471,27
3472,11
3473,1
3474,10
3475,32
3476,90
3477,7
3478,24
3479,11
3480,25
3481,92
3482,32
3483,16
3484,74
3485,66
3486,27
3487,61
3488,53
3489,44
3490,34
3491,60
3492,9
3493,50
3494,52
3495,75
3496,76
3497,15
3498,32
3499,43
3500,96
3501,94
3502,75
3503,82
3504,37
3505,73
3506,55
3507,36
3508,69
3509,51
3510,59
3511,94
3512,18
3513,37
3514,19
3515,12
3516,37
3517,70
3518,86
3519,17
3520,42
3521,32
3522,29
3523,52
3524,87
3525,2
3526,24
3527,75
3528,61
3529,100
3530,47
3531,11
3532,38
3533,89
3534,23
3535,14
3536,84
3537,40
3538,71
3539,24
3540,4
3541,51
3542,71
3543,59
3544,32
3545,94
3546,96
3547,7
3548,95
3549,30
3550,23
3551,42
3552,72
3553,14
3554,10
3555,67
3556,64
3557,38
3558,79
3559,67
3560,19
3561,18
3562,50
3563,97
3564,3
3565,3
3566,2
3567,80
3568,57
3569,19
3570,37
3571,25
3572,99
3573,84
3574,14
3575,79
3576,17
3577,24
3578,17
3579,50
3580,3
3581,21
3582,64
3583,24
3584,63
3585,95
3586,34
3587,83
3588,38
3589,31
3590,7
3591,7
3592,34
3593,59
3594,82
3595,69
3596,50
3597,37
3598,13
3599,20
3600,38
3601,76
3602,21
3603,46
3604,51
3605,18
3606,33
3607,93
3608,83
3609,52
3610,100
3611,79
3612,99
3613,4
3614,25
3615,93
3616,86
3617,1
3618,76
3619,48
3620,78
3621,67
3622,20
3623,75
3624,36
3625,61
3626,84
3627,72
3628,87
3629,98
3630,16
3631,40
3632,68
3633,84
3634,98
3635,9
3636,98
3637,88
3638,2
3639,76
3640,74
3641,77
3642,36
3643,64
3644,35
3645,62
3646,35
3647,54
3648,48
3649,22
3650,50
3651,22
3652,4
3653,8
3654,54
3655,37
3656,19
3657,61
3658,1
3659,13
3660,100
3661,56
3662,55
3663,6
3664,44
3665,82
3666,6
3667,91
3668,76
3669,48
3670,65
3671,24
3672,97
3673,77
3674,92
3675,31
3676,15
3677,85
3678,22
3679,88
3680,1
3681,6
3682,37
3683,80
3684,94
3685,1
3686,83
3687,39
3688,36
3689,36
3690,88
3691,77
3692,61
3693,82
3694,75
3695,9
3696,15
3697,7
3698,23
3699,87
3700,9
3701,35
3702,62
3703,66
3704,22
3705,86
3706,81
3707,53
3708,57
3709,46
3710,33
3711,79
3712,91
3713,15
3714,62
3715,67
3716,13
3717,34
3718,88
3719,2
3720,67
3721,25
3722,46
3723,49
3724,80
3725,23
3726,29
3727,63
3728,44
3729,32
3730,46
3731,32
3732,95
3733,11
3734,42
3735,8
3736,90
3737,61
3738,73
3739,50
3740,66
3741,95
3742,75
3743,25
3744,97
3745,97
3746,100
3747,44
3748,45
3749,44
3750,56
3751,62
3752,37
3753,55
3754,25
3755,40
3756,21
3757,42
3758,1
3759,65
3760,80
3761,63
3762,2
3763,57
3764,78
3765,9
3766,62
3767,50
3768,48
3769,82
3770,13
3771,77
3772,50
3773,49
3774,100
3775,83
3776,71
3777,56
3778,7
3779,89
3780,75
3781,26
3782,54
3783,25
3784,62
3785,76
3786,31
3787,16
3788,50
3789,23
3790,27
3791,82
3792,57
3793,18
3794,53
3795,62
3796,74
3797,77
3798,46
3799,7
3800,53
3801,53
3802,31
3803,5
3804,94
3805,36
3806,20
3807,91
3808,95
3809,63
3810,18
3811,11
3812,47
3813,66
3814,96
3815,77
3816,75
3817,48
3818,77
3819,9
3820,59
3821,100
3822,22
3823,39
3824,57
3825,83
3826,26
3827,39
3828,4
3829,74
3830,77
3831,65
3832,44
3833,95
3834,2
3835,64
3836,61
3837,84
3838,80
3839,34
3840,58
3841,62
3842,13
3843,86
3844,77
3845,52
3846,72
3847,8
3848,7
3849,2
3850,8
3851,42
3852,36
3853,21
3854,37
3855,26
3856,62
3857,13
3858,42
3859,84
3860,16
3861,32
3862,37
3863,28
3864,51
3865,30
3866,53
3867,55
3868,59
3869,84
3870,90
3871,79
3872,62
3873,89
3874,41
3875,21
3876,36
3877,40
3878,1
3879,32
3880,69
3881,88
3882,59
3883,34
3884,8
3885,13
3886,19
3887,18
3888,13
3889,44
3890,52
3891,62
3892,98
3893,18
3894,5
3895,97
3896,88
3897,25
3898,51
3899,29
3900,2
3901,21
3902,13
3903,71
3904,86
3905,65
3906,71
3907,86
3908,6
3909,1
3910,33
3911,22
3912,93
3913,100
3914,69
3915,76
3916,25
3917,70
3918,70
3919,84
3920,80
3921,33
3922,30
3923,55
3924,100
3925,37
3926,21
3927,40
3928,4
3929,97
3930,65
3931,70
3932,37
3933,75
3934,35
3935,7
3936,27
3937,64
3938,98
3939,75
3940,79
3941,24
3942,57
3943,7
3944,42
3945,9
3946,97
3947,36
3948,87
3949,15
3950,24
3951,7
3952,77
3953,6
3954,44
3955,52
3956,74
3957,71
3958,87
3959,15
3960,24
3961,40
3962,14
3963,8
3964,24
3965,83
3966,88
3967,63
3968,95
3969,79
3970,55
3971,57
3972,97
3973,97
3974,52
3975,21
3976,98
3977,62
3978,16
3979,57
3980,18
3981,33
3982,4
3983,84
3984,61
3985,29
3986,36
3987,14
3988,75
3989,97
3990,35
3991,65
3992,27
3993,87
3994,86
3995,69
3996,5
3997,80
3998,10
3999,38
4000,10
4001,70
4002,78
4003,84
4004,87
4005,17
4006,55
4007,50
4008,56
4009,25
4010,34
4011,29
4012,52
4013,5
4014,76
4015,93
4016,89
4017,66
4018,84
4019,53
4020,87
4021,25
4022,28
4023,19
4024,78
4025,74
4026,36
4027,56
4028,22
4029,43
4030,99
4031,67
4032,5
4033,8
4034,13
4035,29
4036,79
4037,90
4038,63
4039,36
4040,6
4041,93
4042,75
4043,80
4044,80
4045,8
4046,83
4047,95
4048,9
4049,72
4050,46
4051,1
4052,36
4053,82
4054,83
4055,68
4056,6
4057,59
4058,17
4059,77
4060,21
4061,95
4062,22
4063,59
4064,21
4065,43
4066,84
4067,70
4068,7
4069,40
4070,80
4071,58
4072,83
4073,31
4074,15
4075,78
4076,28
4077,8
4078,80
4079,50
4080,61
4081,28
4082,5
4083,56
4084,46
4085,11
4086,21
4087,69
4088,24
4089,71
4090,57
4091,6
4092,31
4093,34
4094,36
4095,35
4096,98
4097,26
4098,62
4099,89
4100,36
4101,49
4102,37
4103,52
4104,15
4105,79
4106,35
4107,10
4108,64
4109,4
4110,26
4111,23
4112,48
4113,40
4114,51
4115,98
4116,38
4117,18
4118,24
4119,24
4120,82
4121,29
4122,6
4123,11
4124,9
4125,92
4126,78
4127,9
4128,4
4129,7
4130,25
4131,68
4132,3
4133,55
4134,41
4135,50
4136,62
4137,84
4138,40
4139,57
4140,48
4141,22
4142,51
4143,55
4144,28
4145,66
4146,57
4147,54
4148,36
4149,30
4150,87
4151,52
4152,63
4153,68
4154,80
4155,97
4156,17
4157,93
4158,99
4159,26
4160,79
4161,22
4162,34
4163,29
4164,9
4165,53
4166,55
4167,44
4168,44
4169,67
4170,66
4171,69
4172,32
4173,83
4174,36
4175,29
4176,79
4177,7
4178,8
4179,27
4180,81
4181,10
4182,19
4183,53
4184,90
4185,22
4186,78
4187,97
4188,23
4189,85
4190,45
4191,88
4192,34
4193,2
4194,58
4195,65
4196,44
4197,26
4198,96
4199,43
4200,6
4201,24
4202,21
4203,84
4204,42
4205,56
4206,59
4207,32
4208,10
4209,66
4210,65
4211,69
4212,69
4213,78
4214,58
4215,17
4216,79
4217,24
4218,21
4219,78
4220,96
4221,92
4222,79
4223,65
4224,72
4225,100
4226,4
4227,68
4228,44
4229,31
4230,21
4231,62
4232,100
4233,37
4234,81
4235,5
4236,80
4237,11
4238,36
4239,47
4240,98
4241,20
4242,56
4243,26
4244,68
4245,89
4246,42
4247,60
4248,80
4249,18
4250,8
4251,81
4252,53
4253,81
4254,36
4255,9
4256,35
4257,71
4258,71
4259,66
4260,29
4261,54
4262,54
4263,17
4264,32
4265,65
4266,64
4267,93
4268,43
4269,66
4270,36
4271,67
4272,37
4273,77
4274,22
4275,1
4276,59
4277,49
4278,22
4279,58
4280,45
4281,79
4282,9
4283,1
4284,49
4285,92
4286,62
4287,81
4288,48
4289,28
4290,78
4291,70
4292,52
4293,23
4294,27
4295,6
4296,56
4297,79
4298,54
4299,31
4300,77
4301,67
4302,86
4303,58
4304,64
4305,34
4306,51
4307,26
4308,31
4309,87
4310,23
4311,10
4312,73
4313,41
4314,36
4315,36
4316,17
4317,3
4318,71
4319,9
4320,53
4321,64
4322,20
4323,21
4324,13
4325,61
4326,26
4327,68
4328,94
4329,34
4330,87
4331,53
4332,3
4333,11
4334,72
4335,100
4336,67
4337,80
4338,6
4339,77
4340,77
4341,75
4342,75
4343,28
4344,90
4345,69
4346,47
4347,100
4348,71
4349,72
4350,16
4351,97
4352,98
4353,96
4354,42
4355,42
4356,75
4357,76
4358,88
4359,72
4360,50
4361,9
4362,8
4363,94
4364,55
4365,35
4366,24
4367,85
4368,38
4369,76
4370,97
4371,40
4372,56
4373,91
4374,35
4375,78
4376,87
4377,85
4378,25
4379,21
4380,43
4381,70
4382,37
4383,32
4384,59
4385,79
4386,68
4387,81
4388,49
4389,76
4390,32
4391,4
4392,88
4393,2
4394,10
4395,40
4396,13
4397,2
4398,27
4399,49
4400,13
4401,80
4402,98
4403,4
4404,27
4405,29
4406,14
4407,20
4408,3
4409,86
4410,9
4411,58
4412,37
4413,3
4414,28
4415,64
4416,37
4417,77
4418,6
4419,97
4420,4
4421,7
4422,64
4423,41
4424,14
4425,64
4426,18
4427,92
4428,50
4429,47
4430,72
4431,3
4432,42
4433,15
4434,22
4435,77
4436,88
4437,65
4438,16
4439,40
4440,72
4441,49
4442,15
4443,12
4444,19
4445,36
4446,12
4447,26
4448,88
4449,86
4450,72
4451,25
4452,35
4453,93
4454,55
4455,44
4456,62
4457,100
4458,2
4459,41
4460,54
4461,25
4462,26
4463,80
4464,76
4465,13
4466,37
4467,14
4468,95
4469,38
4470,54
4471,89
4472,22
4473,29
4474,78
4475,66
4476,4
4477,32
4478,10
4479,90
4480,23
4481,32
4482,68
4483,86
4484,62
4485,53
4486,23
4487,34
4488,77
4489,39
4490,53
4491,8
4492,17
4493,65
4494,58
4495,32
4496,81
4497,85
4498,49
4499,19
4500,70
4501,36
4502,59
4503,65
4504,66
4505,91
4506,99
4507,5
4508,66
4509,36
4510,33
4511,9
4512,37
4513,9
4514,83
4515,22
4516,53
4517,36
4518,34
4519,92
4520,4
4521,37
4522,86
4523,67
4524,4
4525,84
4526,86
4527,1
4528,9
4529,78
4530,5
4531,32
4532,69
4533,32
4534,87
4535,2
4536,49
4537,94
4538,44
4539,72
4540,30
4541,51
4542,79
4543,31
4544,19
4545,32
4546,79
4547,21
4548,57
4549,66
4550,7
4551,4
4552,60
4553,96
4554,44
4555,19
4556,100
4557,42
4558,70
4559,15
4560,59
4561,81
4562,60
4563,16
4564,48
4565,1
4566,88
4567,63
4568,59
4569,58
4570,8
4571,5
4572,78
4573,97
4574,8
4575,45
4576,61
4577,36
4578,35
4579,17
4580,16
4581,82
4582,62
4583,59
4584,31
4585,62
4586,25
4587,26
4588,24
4589,60
4590,4
4591,72
4592,14
4593,100
4594,81
4595,83
4596,86
4597,60
4598,53
4599,56
4600,40
4601,38
4602,77
4603,56
4604,79
4605,76
4606,63
4607,18
4608,80
4609,82
4610,10
4611,88
4612,97
4613,68
4614,81
4615,3
4616,28
4617,77
4618,26
4619,7
4620,14
4621,50
4622,29
4623,26
4624,50
4625,13
4626,89
4627,61
4628,49
4629,84
4630,11
4631,37
4632,88
4633,88
4634,51
4635,39
4636,71
4637,72
4638,2
4639,54
4640,49
4641,85
4642,44
4643,53
4644,53
4645,44
4646,59
4647,73
4648,32
4649,88
4650,71
4651,35
4652,55
4653,52
4654,98
4655,100
4656,71
4657,67
4658,98
4659,46
4660,46
4661,15
4662,87
4663,100
4664,67
4665,39
4666,28
4667,48
4668,2
4669,1
4670,51
4671,47
4672,89
4673,78
4674,24
4675,35
4676,77
4677,92
4678,49
4679,84
4680,77
4681,68
4682,28
4683,28
4684,31
4685,31
4686,76
4687,76
4688,54
4689,76
4690,19
4691,22
4692,73
4693,15
4694,92
4695,96
4696,64
4697,33
4698,19
4699,38
4700,8
4701,50
4702,90
4703,65
4704,40
4705,96
4706,50
4707,70
4708,20
4709,1
4710,85
4711,82
4712,89
4713,6
4714,30
4715,64
4716,11
4717,61
4718,83
4719,62
4720,59
4721,84
4722,45
4723,92
4724,94
4725,40
4726,79
4727,35
4728,35
4729,72
4730,92
4731,73
4732,25
4733,40
4734,2
4735,32
4736,61
4737,56
4738,5
4739,39
4740,67
4741,48
4742,90
4743,85
4744,67
4745,6
4746,6
4747,80
4748,58
4749,79
4750,4
4751,22
4752,59
4753,78
4754,40
4755,8
4756,95
4757,44
4758,11
4759,58
4760,54
4761,100
4762,84
4763,84
4764,48
4765,19
4766,11
4767,31
4768,25
4769,33
4770,85
4771,54
4772,61
4773,67
4774,90
4775,93
4776,6
4777,27
4778,34
4779,61
4780,4
4781,3
4782,18
4783,84
4784,37
4785,94
4786,28
4787,34
4788,78
4789,36
4790,61
4791,54
4792,9
4793,53
4794,98
4795,41
4796,89
4797,79
4798,92
4799,19
4800,37
4801,2
4802,7
4803,79
4804,19
4805,15
4806,19
4807,7
4808,92
4809,53
4810,69
4811,17
4812,20
4813,22
4814,70
4815,51
4816,22
4817,72
4818,42
4819,95
4820,73
4821,74
4822,9
4823,71
4824,34
4825,86
4826,64
4827,86
4828,33
4829,39
4830,63
4831,47
4832,59
4833,42
4834,22
4835,21
4836,4
4837,94
4838,24
4839,33
4840,34
4841,58
4842,40
4843,58
4844,43
4845,86
4846,42
4847,86
4848,86
4849,81
4850,83
4851,13
4852,83
4853,83
4854,4
4855,33
4856,78
4857,92
4858,71
4859,54
4860,48
4861,24
4862,32
4863,15
4864,65
4865,79
4866,68
4867,43
4868,80
4869,50
4870,30
4871,62
4872,21
4873,37
4874,59
4875,14
4876,74
4877,23
4878,51
4879,30
4880,25
4881,41
4882,8
4883,15
4884,83
4885,47
4886,1
4887,74
4888,60
4889,58
4890,4
4891,37
4892,57
4893,10
4894,17
4895,32
4896,38
4897,71
4898,48
4899,60
4900,19
4901,56
4902,48
4903,40
4904,89
4905,6
4906,72
4907,80
4908,100
4909,44
4910,72
4911,44
4912,7
4913,57
4914,84
4915,87
4916,65
4917,29
4918,40
4919,23
4920,10
4921,20
4922,100
4923,39
4924,86
4925,73
4926,93
4927,21
4928,32
4929,69
4930,55
4931,69
4932,23
4933,43
4934,69
4935,15
4936,78
4937,19
4938,52
4939,17
4940,93
4941,14
4942,84
4943,64
4944,46
4945,95
4946,54
4947,5
4948,37
4949,38
4950,46
4951,45
4952,1
4953,68
4954,77
4955,38
4956,18
4957,82
4958,100
4959,100
4960,60
4961,32
4962,52
4963,80
4964,22
4965,59
4966,53
4967,30
4968,77
4969,24
4970,91
4971,13
4972,88
4973,82
4974,79
4975,85
4976,89
4977,62
4978,52
4979,99
4980,89
4981,61
4982,71
4983,80
4984,66
4985,85
4986,96
4987,6
4988,45
4989,97
4990,84
4991,11
4992,85
4993,84
4994,39
4995,26
4996,73
4997,83
4998,72
4999,39
5000,5
5001,62
5002,18
5003,96
5004,86
5005,1
5006,96
5007,61
5008,36
5009,100
5010,20
5011,88
5012,26
5013,30
5014,23
5015,35
5016,35
5017,45
5018,6
5019,74
5020,64
5021,39
5022,27
5023,61
5024,74
5025,73
5026,81
5027,37
5028,48
5029,80
5030,91
5031,56
5032,3
5033,52
5034,34
5035,1
5036,100
5037,53
5038,61
5039,48
5040,45
5041,40
5042,83
5043,6
5044,70
5045,7
5046,2
5047,43
5048,7
5049,39
5050,97
5051,2
5052,54
5053,29
5054,13
5055,98
5056,100
5057,49
5058,15
5059,35
5060,3
5061,28
5062,43
5063,56
5064,53
5065,92
5066,28
5067,45
5068,36
5069,65
5070,21
5071,29
5072,13
5073,89
5074,18
5075,61
5076,42
5077,73
5078,78
5079,38
5080,19
5081,47
5082,96
5083,39
5084,14
5085,54
5086,74
5087,20
5088,52
5089,31
5090,6
5091,38
5092,2
5093,94
5094,72
5095,80
5096,56
5097,30
5098,18
5099,19
5100,98
5101,56
5102,1
5103,26
5104,20
5105,44
5106,61
5107,56
5108,21
5109,74
5110,29
5111,21
5112,69
5113,23
5114,42
5115,92
5116,76
5117,16
5118,31
5119,18
5120,49
5121,75
5122,17
5123,75
5124,70
5125,71
5126,16
5127,81
5128,50
5129,45
5130,27
5131,49
5132,95
5133,95
5134,100
5135,51
5136,39
5137,26
5138,27
5139,71
5140,58
5141,42
5142,42
5143,14
5144,34
5145,9
5146,85
5147,25
5148,26
5149,86
5150,36
5151,93
5152,76
5153,95
5154,63
5155,88
5156,75
5157,18
5158,1
5159,7
5160,96
5161,36
5162,84
5163,28
5164,21
5165,12
5166,76
5167,1
5168,26
5169,16
5170,71
5171,86
5172,93
5173,74
5174,31
5175,19
5176,81
5177,24
5178,38
5179,53
5180,87
5181,15
5182,38
5183,95
5184,6
5185,83
5186,72
5187,58
5188,83
5189,94
5190,35
5191,36
5192,68
5193,30
5194,96
5195,4
5196,26
5197,19
5198,53
5199,69
5200,81
5201,70
5202,96
5203,67
5204,57
5205,6
5206,36
5207,92
5208,9
5209,54
5210,92
5211,88
5212,40
5213,97
5214,3
5215,22
5216,25
5217,95
5218,3
5219,77
5220,23
5221,20
5222,1
5223,74
5224,64
5225,89
5226,56
5227,88
5228,31
5229,67
5230,54
5231,88
5232,9
5233,10
5234,55
5235,32
5236,36
5237,27
5238,3
5239,61
5240,8
5241,71
5242,77
5243,86
5244,3
5245,28
5246,49
5247,84
5248,38
5249,79
5250,4
5251,89
5252,73
5253,28
5254,54
5255,24
5256,42
5257,69
5258,23
5259,38
5260,18
5261,29
5262,9
5263,100
5264,79
5265,32
5266,37
5267,34
5268,87
5269,22
5270,98
5271,18
5272,74
5273,28
5274,49
5275,46
5276,22
5277,39
5278,78
5279,17
5280,40
5281,28
5282,86
5283,31
5284,1
5285,63
5286,7
5287,57
5288,48
5289,82
5290,63
5291,63
5292,29
5293,2
5294,86
5295,73
5296,51
5297,18
5298,58
5299,72
5300,81
5301,97
5302,37
5303,25
5304,11
5305,32
5306,80
5307,32
5308,58
5309,60
5310,57
5311,75
5312,96
5313,57
5314,5
5315,3
5316,88
5317,91
5318,34
5319,17
5320,89
5321,41
5322,74
5323,39
5324,84
5325,99
5326,53
5327,76
5328,21
5329,84
5330,66
5331,66
5332,63
5333,78
5334,67
5335,14
5336,35
5337,73
5338,27
5339,87
5340,32
5341,5
5342,29
5343,15
5344,53
5345,30
5346,30
5347,70
5348,25
5349,82
5350,64
5351,95
5352,96
5353,60
5354,28
5355,77
5356,94
5357,87
5358,74
5359,6
5360,92
5361,56
5362,42
5363,96
5364,64
5365,6
5366,37
5367,28
5368,27
5369,93
5370,52
5371,72
5372,3
5373,80
5374,60
5375,71
5376,42
5377,5
5378,17
5379,11
5380,14
5381,79
5382,85
5383,7
5384,60
5385,65
5386,58
5387,81
5388,72
5389,79
5390,54
5391,68
5392,1
5393,3
5394,86
5395,90
5396,9
5397,87
5398,70
5399,57
5400,17
5401,44
5402,76
5403,48
5404,49
5405,77
5406,23
5407,6
5408,22
5409,74
5410,50
5411,17
5412,9
5413,92
5414,79
5415,4
5416,13
5417,10
5418,55
5419,40
5420,4
5421,6
5422,54
5423,54
5424,97
5425,56
5426,36
5427,69
5428,71
5429,100
5430,55
5431,26
5432,3
5433,88
5434,96
5435,13
5436,12
5437,23
5438,5
5439,83
5440,85
5441,100
5442,100
5443,59
5444,94
5445,63
5446,71
5447,42
5448,36
5449,91
5450,80
5451,79
5452,18
5453,68
5454,13
5455,99
5456,6
5457,92
5458,87
5459,15
5460,56
5461,100
5462,74
5463,62
5464,70
5465,64
5466,60
5467,8
5468,15
5469,29
5470,98
5471,19
5472,2
5473,11
5474,53
5475,45
5476,92
5477,76
5478,74
5479,38
5480,29
5481,74
5482,89
5483,17
5484,10
5485,90
5486,76
5487,2
5488,64
5489,56
5490,54
5491,86
5492,72
5493,63
5494,54
5495,64
5496,1
5497,58
5498,36
5499,25
5500,100
5501,88
5502,2
5503,97
5504,46
5505,27
5506,87
5507,9
5508,38
5509,76
5510,70
5511,58
5512,7
5513,87
5514,57
5515,90
5516,22
5517,98
5518,9
5519,40
5520,55
5521,11
5522,1
5523,88
5524,82
5525,87
5526,18
5527,32
5528,25
5529,34
5530,86
5531,86
5532,99
5533,10
5534,46
5535,26
5536,72
5537,96
5538,9
5539,14
5540,97
5541,50
5542,2
5543,67
5544,20
5545,73
5546,91
5547,5
5548,85
5549,49
5550,95
5551,28
5552,62
5553,59
5554,11
5555,58
5556,63
5557,42
5558,5
5559,58
5560,32
5561,28
5562,75
5563,86
5564,14
5565,73
5566,84
5567,61
5568,19
5569,75
5570,86
5571,3
5572,66
5573,2
5574,97
5575,84
5576,13
5577,29
5578,75
5579,88
5580,100
5581,54
5582,83
5583,31
5584,8
5585,60
5586,36
5587,65
5588,58
5589,63
5590,1
5591,25
5592,61
5593,69
5594,80
5595,24
5596,20
5597,26
5598,96
5599,49
5600,73
5601,20
5602,51
5603,37
5604,67
5605,56
5606,80
5607,1
5608,43
5609,32
5610,80
5611,38
5612,38
5613,8
5614,17
5615,95
5616,67
5617,32
5618,7
5619,92
5620,26
5621,100
5622,21
5623,61
5624,37
5625,65
5626,32
5627,24
5628,89
5629,73
5630,38
5631,4
5632,81
5633,36
5634,5
5635,80
5636,14
5637,73
5638,68
5639,96
5640,96
5641,25
5642,24
5643,100
5644,75
5645,73
5646,36
5647,67
5648,64
5649,75
5650,88
5651,37
5652,72
5653,76
5654,79
5655,92
5656,53
5657,59
5658,86
5659,35
5660,30
5661,78
5662,13
5663,28
5664,27
5665,6
5666,94
5667,85
5668,82
5669,59
5670,37
5671,53
5672,78
5673,69
5674,60
5675,32
5676,54
5677,34
5678,24
5679,92
5680,76
5681,21
5682,46
5683,96
5684,100
5685,88
5686,6
5687,50
5688,88
5689,67
5690,87
5691,95
5692,9
5693,1
5694,41
5695,87
5696,19
5697,24
5698,68
5699,14
5700,96
5701,61
5702,97
5703,43
5704,90
5705,72
5706,71
5707,27
5708,100
5709,18
5710,86
5711,21
5712,94
5713,26
5714,74
5715,63
5716,98
5717,34
5718,4
5719,13
5720,28
5721,47
5722,25
5723,40
5724,8
5725,4
5726,66
5727,49
5728,13
5729,21
5730,75
5731,45
5732,27
5733,30
5734,36
5735,80
5736,89
5737,49
5738,88
5739,63
5740,26
5741,5
5742,43
5743,20
5744,29
5745,80
5746,56
5747,2
5748,66
5749,87
5750,95
5751,12
5752,58
5753,63
5754,86
5755,89
5756,55
5757,48
5758,65
5759,90
5760,54
5761,34
5762,79
5763,84
5764,71
5765,10
5766,62
5767,96
5768,54
5769,2
5770,39
5771,57
5772,46
5773,41
5774,17
5775,18
5776,10
5777,79
5778,34
5779,19
5780,56
5781,97
5782,6
5783,28
5784,5
5785,64
5786,12
5787,28
5788,74
5789,37
5790,13
5791,79
5792,40
5793,97
5794,15
5795,32
5796,46
5797,63
5798,75
5799,57
5800,40
5801,72
5802,17
5803,28
5804,28
5805,58
5806,35
5807,78
5808,90
5809,40
5810,72
5811,14
5812,14
5813,44
5814,36
5815,44
5816,29
5817,79
5818,69
5819,83
5820,83
5821,92
5822,92
5823,88
5824,28
5825,92
5826,89
5827,97
5828,44
5829,1
5830,58
5831,43
5832,85
5833,49
5834,16
5835,6
5836,22
5837,59
5838,13
5839,61
5840,47
5841,33
5842,35
5843,50
5844,92
5845,53
5846,29
5847,23
5848,37
5849,17
5850,26
5851,65
5852,40
5853,87
5854,98
5855,62
5856,90
5857,34
5858,77
5859,55
5860,26
5861,29
5862,57
5863,14
5864,39
5865,83
5866,68
5867,1
5868,10
5869,34
5870,62
5871,81
5872,25
5873,6
5874,11
5875,8
5876,75
5877,75
5878,92
5879,25
5880,52
5881,34
5882,22
5883,29
5884,68
5885,35
5886,67
5887,18
5888,12
5889,32
5890,37
5891,61
5892,52
5893,27
5894,58
5895,95
5896,74
5897,45
5898,9
5899,28
5900,50
5901,78
5902,91
5903,53
5904,98
5905,31
5906,59
5907,37
5908,32
5909,93
5910,68
5911,77
5912,56
5913,37
5914,88
5915,84
5916,13
5917,49
5918,72
5919,76
5920,70
5921,98
5922,84
5923,47
5924,52
5925,57
5926,43
5927,31
5928,1
5929,47
5930,2
5931,73
5932,1
5933,68
5934,92
5935,58
5936,97
5937,22
5938,88
5939,69
5940,78
5941,82
5942,23
5943,90
5944,80
5945,72
5946,33
5947,83
5948,42
5949,80
5950,53
5951,37
5952,25
5953,1
5954,49
5955,87
5956,44
5957,62
5958,61
5959,34
5960,32
5961,6
5962,78
5963,40
5964,6
5965,55
5966,86
5967,16
5968,96
5969,49
5970,2
5971,86
5972,57
5973,65
5974,89
5975,61
5976,95
5977,34
5978,19
5979,77
5980,38
5981,28
5982,10
5983,5
5984,72
5985,58
5986,51
5987,18
5988,87
5989,22
5990,79
5991,81
5992,22
5993,61
5994,71
5995,40
5996,61
5997,12
5998,78
5999,83
6000,32
6001,55
6002,7
6003,37
6004,82
6005,97
6006,48
6007,39
6008,91
6009,26
6010,98
6011,100
6012,18
6013,93
6014,29
6015,23
6016,55
6017,7
6018,22
6019,68
6020,48
6021,35
6022,21
6023,34
6024,78
6025,18
6026,40
6027,46
6028,76
6029,50
6030,80
6031,27
6032,35
6033,2
6034,84
6035,96
6036,36
6037,12
6038,1
6039,29
6040,48
6041,79
6042,31
6043,71
6044,59
6045,39
6046,31
6047,87
6048,49
6049,84
6050,11
6051,57
6052,15
6053,19
6054,47
6055,42
6056,56
6057,1
6058,52
6059,80
6060,2
6061,77
6062,96
6063,27
6064,91
6065,32
6066,37
6067,30
6068,63
6069,84
6070,38
6071,77
6072,38
6073,87
6074,80
6075,61
6076,49
6077,18
6078,79
6079,18
6080,100
6081,89
6082,91
6083,20
6084,20
6085,81
6086,14
6087,93
6088,21
6089,3
6090,68
6091,5
6092,31
6093,66
6094,57
6095,93
6096,90
6097,2
6098,80
6099,2
6100,25
6101,81
6102,26
6103,95
6104,18
6105,89
6106,32
6107,29
6108,30
6109,78
6110,21
6111,72
6112,23
6113,81
6114,26
6115,2
6116,23
6117,70
6118,72
6119,58
6120,75
6121,86
6122,68
6123,65
6124,23
6125,57
6126,24
6127,31
6128,48
6129,49
6130,28
6131,56
6132,34
6133,67
6134,4
6135,13
6136,37
6137,20
6138,70
6139,7
6140,71
6141,34
6142,24
6143,59
6144,81
6145,2
6146,69
6147,4
6148,73
6149,95
6150,24
6151,74
6152,90
6153,61
6154,68
6155,52
6156,87
6157,6
6158,77
6159,73
6160,67
6161,18
6162,85
6163,80
6164,50
6165,15
6166,13
6167,10
6168,73
6169,64
6170,90
6171,9
6172,26
6173,42
6174,37
6175,18
6176,69
6177,49
6178,61
6179,6
6180,40
6181,11
6182,1
6183,92
6184,1
6185,65
6186,91
6187,84
6188,47
6189,2
6190,83
6191,61
6192,1
6193,84
6194,3
6195,23
6196,41
6197,81
6198,79
6199,59
6200,28
6201,4
6202,35
6203,37
6204,65
6205,26
6206,31
6207,97
6208,49
6209,40
6210,94
6211,30
6212,77
6213,47
6214,25
6215,57
6216,18
6217,20
6218,41
6219,84
6220,12
6221,34
6222,26
6223,92
6224,15
6225,80
6226,18
6227,22
6228,35
6229,6
6230,79
6231,91
6232,91
6233,38
6234,17
6235,48
6236,4
6237,73
6238,57
6239,1
6240,57
6241,72
6242,25
6243,54
6244,14
6245,28
6246,28
6247,19
6248,93
6249,61
6250,13
6251,98
6252,65
6253,98
6254,55
6255,57
6256,46
6257,82
6258,82
6259,44
6260,19
6261,13
6262,43
6263,90
6264,98
6265,78
6266,50
6267,90
6268,96
6269,61
6270,89
6271,79
6272,75
6273,32
6274,63
6275,1
6276,22
6277,80
6278,16
6279,78
6280,52
6281,77
6282,28
6283,80
6284,55
6285,28
6286,1
6287,99
6288,95
6289,37
6290,79
6291,72
6292,91
6293,82
6294,97
6295,17
6296,27
6297,17
6298,85
6299,79
6300,86
6301,37
6302,55
6303,22
6304,74
6305,15
6306,16
6307,75
6308,32
6309,28
6310,53
6311,32
6312,91
6313,37
6314,95
6315,47
6316,82
6317,42
6318,5
6319,54
6320,1
6321,19
6322,64
6323,41
6324,89
6325,86
6326,53
6327,67
6328,10
6329,16
6330,89
6331,58
6332,97
6333,56
6334,51
6335,38
6336,73
6337,86
6338,77
6339,67
6340,74
6341,97
6342,16
6343,47
6344,25
6345,69
6346,6
6347,48
6348,79
6349,26
6350,74
6351,9
6352,78
6353,100
6354,25
6355,87
6356,68
6357,52
6358,29
6359,33
6360,32
6361,58
6362,88
6363,53
6364,92
6365,17
6366,67
6367,77
6368,54
6369,28
6370,44
6371,7
6372,77
6373,85
6374,40
6375,88
6376,4
6377,6
6378,4
6379,6
6380,80
6381,92
6382,1
6383,5
6384,99
6385,44
6386,51
6387,4
6388,71
6389,86
6390,67
6391,82
6392,62
6393,67
6394,75
6395,10
6396,48
6397,23
6398,64
6399,88
6400,24
6401,37
6402,54
6403,18
6404,75
6405,65
6406,62
6407,58
6408,61
6409,67
6410,94
6411,57
6412,44
6413,82
6414,51
6415,49
6416,57
6417,1
6418,72
6419,52
6420,14
6421,22
6422,50
6423,38
6424,8
6425,26
6426,32
6427,81
6428,36
6429,54
6430,40
6431,67
6432,52
6433,1
6434,65
6435,72
6436,8
6437,66
6438,22
6439,32
6440,91
6441,37
6442,1
6443,71
6444,93
6445,62
6446,39
6447,24
6448,95
6449,28
6450,58
6451,21
6452,79
6453,54
6454,17
6455,81
6456,78
6457,14
6458,61
6459,99
6460,80
6461,20
6462,55
6463,18
6464,74
6465,80
6466,36
6467,98
6468,30
6469,59
6470,95
6471,77
6472,27
6473,54
6474,100
6475,58
6476,84
6477,79
6478,54
6479,84
6480,95
6481,1
6482,36
6483,96
6484,29
6485,62
6486,98
6487,43
6488,97
6489,71
6490,68
6491,29
6492,16
6493,86
6494,77
6495,57
6496,80
6497,84
6498,18
6499,12
6500,20
6501,54
6502,69
6503,9
6504,18
6505,12
6506,24
6507,47
6508,76
6509,17
6510,11
6511,32
6512,89
6513,63
6514,26
6515,36
6516,64
6517,62
6518,36
6519,28
6520,22
6521,76
6522,12
6523,72
6524,11
6525,93
6526,70
6527,10
6528,37
6529,57
6530,5
6531,42
6532,77
6533,67
6534,35
6535,18
6536,3
6537,39
6538,58
6539,8
6540,87
6541,81
6542,80
6543,31
6544,66
6545,13
6546,54
6547,76
6548,11
6549,50
6550,81
6551,75
6552,19
6553,34
6554,22
6555,9
6556,18
6557,84
6558,1
6559,32
6560,89
6561,21
6562,79
6563,68
6564,67
6565,97
6566,39
6567,3
6568,89
6569,35
6570,24
6571,69
6572,35
6573,39
6574,22
6575,34
6576,100
6577,78
6578,97
6579,74
6580,78
6581,28
6582,86
6583,75
6584,26
6585,97
6586,47
6587,88
6588,64
6589,76
6590,72
6591,43
6592,13
6593,71
6594,9
6595,40
6596,54
6597,58
6598,42
6599,44
6600,21
6601,1
6602,63
6603,34
6604,17
6605,63
6606,61
6607,96
6608,91
6609,79
6610,44
6611,31
6612,34
6613,61
6614,22
6615,52
6616,92
6617,37
6618,44
6619,56
6620,32
6621,70
6622,21
6623,6
6624,11
6625,30
6626,39
6627,61
6628,19
6629,5
6630,25
6631,50
6632,78
6633,6
6634,76
6635,28
6636,36
6637,93
6638,80
6639,68
6640,13
6641,87
6642,10
6643,15
6644,30
6645,8
6646,1
6647,53
6648,80
6649,79
6650,53
6651,74
6652,20
6653,56
6654,92
6655,84
6656,64
6657,39
6658,42
6659,30
6660,5
6661,85
6662,71
6663,29
6664,12
6665,86
6666,50
6667,93
6668,97
6669,43
6670,6
6671,60
6672,95
6673,78
6674,97
6675,85
6676,88
6677,23
6678,13
6679,56
6680,89
6681,89
6682,35
6683,96
6684,19
6685,22
6686,62
6687,89
6688,59
6689,4
6690,33
6691,2
6692,75
6693,73
6694,74
6695,14
6696,62
6697,33
6698,34
6699,86
6700,79
6701,16
6702,24
6703,72
6704,82
6705,5
6706,54
6707,1
6708,22
6709,49
6710,32
6711,76
6712,82
6713,96
6714,70
6715,46
6716,83
6717,97
6718,4
6719,64
6720,45
6721,35
6722,84
6723,58
6724,79
6725,17
6726,11
6727,28
6728,69
6729,74
6730,7
6731,84
6732,31
6733,22
6734,49
6735,37
6736,74
6737,55
6738,2
6739,68
6740,97
6741,30
6742,20
6743,42
6744,44
6745,59
6746,13
6747,68
6748,87
6749,67
6750,28
6751,11
6752,78
6753,20
6754,45
6755,45
6756,40
6757,91
6758,37
6759,5
6760,7
6761,26
6762,44
6763,26
6764,57
6765,87
6766,45
6767,41
6768,30
6769,16
6770,67
6771,84
6772,26
6773,49
6774,90
6775,55
6776,67
6777,43
6778,59
6779,48
6780,84
6781,54
6782,19
6783,84
6784,3
6785,53
6786,83
6787,24
6788,52
6789,62
6790,9
6791,59
6792,94
6793,65
6794,89
6795,46
6796,96
6797,9
6798,84
6799,37
6800,57
6801,28
6802,9
6803,10
6804,68
6805,65
6806,40
6807,34
6808,58
6809,64
6810,22
6811,8
6812,27
6813,53
6814,22
6815,53
6816,54
6817,81
6818,1
6819,19
6820,54
6821,10
6822,44
6823,66
6824,14
6825,35
6826,19
6827,98
6828,95
6829,13
6830,14
6831,76
6832,88
6833,66
6834,13
6835,99
6836,71
6837,53
6838,44
6839,24
6840,64
6841,62
6842,8
6843,78
6844,51
6845,84
6846,74
6847,35
6848,85
6849,19
6850,58
6851,97
6852,23
6853,35
6854,28
6855,13
6856,94
6857,44
6858,64
6859,84
6860,43
6861,33
6862,49
6863,89
6864,97
6865,12
6866,91
6867,79
6868,67
6869,97
6870,78
6871,73
6872,44
6873,62
6874,59
6875,57
6876,88
6877,7
6878,47
6879,89
6880,69
6881,76
6882,28
6883,34
6884,90
6885,32
6886,48
6887,96
6888,1
6889,65
6890,52
6891,96
6892,74
6893,93
6894,63
6895,72
6896,73
6897,40
6898,56
6899,99
6900,17
6901,7
6902,32
6903,66
6904,10
6905,43
6906,28
6907,14
6908,78
6909,45
6910,22
6911,58
6912,78
6913,49
6914,35
6915,53
6916,39
6917,90
6918,28
6919,13
6920,63
6921,41
6922,39
6923,61
6924,47
6925,88
6926,78
6927,9
6928,83
6929,53
6930,80
6931,70
6932,70
6933,74
6934,33
6935,98
6936,64
6937,69
6938,4
6939,70
6940,8
6941,66
6942,12
6943,10
6944,62
6945,73
6946,63
6947,45
6948,52
6949,21
6950,78
6951,5
6952,43
6953,36
6954,87
6955,28
6956,80
6957,86
6958,70
6959,27
6960,5
6961,67
6962,100
6963,68
6964,17
6965,69
6966,100
6967,92
6968,76
6969,97
6970,71
6971,53
6972,49
6973,18
6974,80
6975,80
6976,77
6977,21
6978,11
6979,50
6980,93
6981,43
6982,54
6983,36
6984,27
6985,70
6986,13
6987,17
6988,25
6989,85
6990,19
6991,26
6992,7
6993,59
6994,37
6995,15
6996,57
6997,37
6998,2
6999,24
7000,98
7001,74
7002,80
7003,16
7004,64
7005,48
7006,84
7007,87
7008,99
7009,18
7010,85
7011,8
7012,44
7013,34
7014,39
7015,44
7016,53
7017,81
7018,6
7019,6
7020,2
7021,84
7022,86
7023,32
7024,14
7025,90
7026,17
7027,16
7028,91
7029,10
7030,73
7031,46
7032,61
7033,1
7034,43
7035,96
7036,94
7037,25
7038,35
7039,65
7040,29
7041,63
7042,54
7043,42
7044,56
7045,38
7046,8
7047,20
7048,95
7049,69
7050,50
7051,40
7052,4
7053,4
7054,7
7055,36
7056,88
7057,85
7058,18
7059,64
7060,7
7061,42
7062,19
7063,24
7064,90
7065,21
7066,26
7067,44
7068,43
7069,80
7070,59
7071,85
7072,2
7073,69
7074,80
7075,92
7076,17
7077,15
7078,56
7079,67
7080,98
7081,32
7082,76
7083,10
7084,44
7085,76
7086,68
7087,88
7088,68
7089,25
7090,80
7091,69
7092,22
7093,69
7094,14
7095,86
7096,68
7097,33
7098,57
7099,8
7100,69
7101,5
7102,54
7103,49
7104,9
7105,20
7106,6
7107,61
7108,17
7109,85
7110,62
7111,96
7112,76
7113,15
7114,61
7115,88
7116,96
7117,94
7118,25
7119,37
7120,26
7121,38
7122,94
7123,51
7124,90
7125,63
7126,32
7127,61
7128,67
7129,52
7130,25
7131,32
7132,46
7133,95
7134,58
7135,93
7136,84
7137,23
7138,92
7139,37
7140,83
7141,63
7142,54
7143,2
7144,91
7145,89
7146,19
7147,13
7148,38
7149,35
7150,70
7151,56
7152,87
7153,32
7154,40
7155,63
7156,36
7157,42
7158,72
7159,25
7160,95
7161,59
7162,13
7163,80
7164,73
7165,78
7166,44
7167,57
7168,68
7169,99
7170,17
7171,41
7172,70
7173,13
7174,16
7175,91
7176,22
7177,44
7178,42
7179,44
7180,28
7181,37
7182,50
7183,9
7184,26
7185,55
7186,16
7187,29
7188,15
7189,81
7190,29
7191,71
7192,2
7193,61
7194,75
7195,28
7196,25
7197,17
7198,99
7199,67
7200,10
7201,80
7202,100
7203,21
7204,67
7205,22
7206,71
7207,70
7208,28
7209,12
7210,62
7211,98
7212,91
7213,81
7214,37
7215,26
7216,6
7217,22
7218,79
7219,23
7220,48
7221,51
7222,43
7223,94
7224,11
7225,100
7226,82
7227,70
7228,55
7229,65
7230,44
7231,75
7232,32
7233,95
7234,32
7235,87
7236,66
7237,42
7238,44
7239,53
7240,35
7241,36
7242,48
7243,62
7244,99
7245,69
7246,52
7247,17
7248,30
7249,4
7250,26
7251,98
7252,52
7253,28
7254,25
7255,46
7256,91
7257,77
7258,32
7259,79
7260,80
7261,67
7262,25
7263,88
7264,24
7265,34
7266,38
7267,86
7268,23
7269,37
7270,25
7271,44
7272,89
7273,1
7274,54
7275,28
7276,64
7277,29
7278,52
7279,80
7280,14
7281,92
7282,1
7283,8
7284,83
7285,67
7286,67
7287,1
7288,6
7289,15
7290,62
7291,33
7292,18
7293,85
7294,51
7295,34
7296,59
7297,79
7298,42
7299,32
7300,20
7301,73
7302,54
7303,30
7304,82
7305,39
7306,67
7307,28
7308,15
7309,44
7310,39
7311,43
7312,96
7313,93
7314,75
7315,28
7316,47
7317,75
7318,4
7319,59
7320,86
7321,98
7322,53
7323,98
7324,93
7325,74
7326,57
7327,99
7328,57
7329,56
7330,49
7331,51
7332,96
7333,56
7334,64
7335,84
7336,50
7337,29
7338,44
7339,10
7340,32
7341,30
7342,36
7343,86
7344,7
7345,84
7346,71
7347,50
7348,48
7349,33
7350,68
7351,67
7352,25
7353,30
7354,25
7355,29
7356,78
7357,53
7358,71
7359,88
7360,19
7361,71
7362,100
7363,41
7364,75
7365,57
7366,73
7367,41
7368,42
7369,10
7370,11
7371,62
7372,72
7373,71
7374,89
7375,42
7376,65
7377,19
7378,9
7379,44
7380,49
7381,97
7382,94
7383,49
7384,32
7385,85
7386,43
7387,92
7388,86
7389,54
7390,80
7391,100
7392,34
7393,85
7394,20
7395,19
7396,84
7397,72
7398,72
7399,31
7400,34
7401,81
7402,6
7403,93
7404,60
7405,55
7406,6
7407,39
7408,8
7409,2
7410,13
7411,65
7412,78
7413,99
7414,84
7415,66
7416,33
7417,42
7418,8
7419,97
7420,71
7421,41
7422,9
7423,24
7424,98
7425,19
7426,32
7427,62
7428,39
7429,71
7430,18
7431,18
7432,26
7433,62
7434,13
7435,32
7436,25
7437,27
7438,53
7439,75
7440,43
7441,1
7442,51
7443,56
7444,28
7445,65
7446,26
7447,2
7448,28
7449,85
7450,98
7451,92
7452,31
7453,38
7454,72
7455,31
7456,49
7457,52
7458,38
7459,83
7460,37
7461,66
7462,52
7463,79
7464,93
7465,21
7466,2
7467,64
7468,59
7469,22
7470,60
7471,9
7472,25
7473,4
7474,98
7475,13
7476,26
7477,14
7478,86
7479,25
7480,92
7481,9
7482,87
7483,33
7484,98
7485,74
7486,64
7487,96
7488,69
7489,36
7490,17
7491,64
7492,90
7493,57
7494,36
7495,82
7496,79
7497,89
7498,78
7499,99
7500,11
7501,80
7502,36
7503,32
7504,80
7505,41
7506,92
7507,84
7508,77
7509,93
7510,61
7511,51
7512,9
7513,61
7514,32
7515,95
7516,42
7517,7
7518,2
7519,15
7520,99
7521,62
7522,9
7523,72
7524,46
7525,42
7526,41
7527,75
7528,74
7529,21
7530,96
7531,64
7532,28
7533,68
7534,52
7535,72
7536,3
7537,37
7538,56
7539,98
7540,19
7541,8
7542,28
7543,27
7544,61
7545,46
7546,68
7547,47
7548,29
7549,65
7550,67
7551,60
7552,37
7553,8
7554,68
7555,92
7556,37
7557,50
7558,37
7559,18
7560,37
7561,53
7562,41
7563,66
7564,40
7565,78
7566,68
7567,75
7568,56
7569,28
7570,83
7571,97
7572,67
7573,34
7574,92
7575,64
7576,66
7577,18
7578,77
7579,82
7580,87
7581,81
7582,71
7583,65
7584,37
7585,19
7586,26
7587,80
7588,67
7589,22
7590,46
7591,97
7592,88
7593,33
7594,92
7595,42
7596,8
7597,69
7598,36
7599,13
7600,26
7601,80
7602,86
7603,37
7604,53
7605,63
7606,55
7607,83
7608,50
7609,97
7610,7
7611,75
7612,88
7613,92
7614,46
7615,79
7616,17
7617,19
7618,90
7619,63
7620,28
7621,98
7622,36
7623,54
7624,49
7625,4
7626,28
7627,47
7628,78
7629,19
7630,60
7631,32
7632,88
7633,28
7634,23
7635,9
7636,66
7637,45
7638,52
7639,61
7640,91
7641,9
7642,21
7643,74
7644,57
7645,44
7646,71
7647,34
7648,95
7649,40
7650,52
7651,37
7652,20
7653,80
7654,92
7655,42
7656,43
7657,60
7658,80
7659,40
7660,20
7661,79
7662,35
7663,16
7664,34
7665,27
7666,7
7667,54
7668,76
7669,1
7670,96
7671,16
7672,7
7673,2
7674,22
7675,19
7676,93
7677,77
7678,75
7679,84
7680,99
7681,18
7682,23
7683,26
7684,64
7685,3
7686,78
7687,25
7688,58
7689,44
7690,31
7691,49
7692,77
7693,3
7694,96
7695,96
7696,53
7697,33
7698,9
7699,2
7700,13
7701,50
7702,93
7703,80
7704,64
7705,54
7706,25
7707,35
7708,55
7709,9
7710,29
7711,80
7712,72
7713,12
7714,15
7715,50
7716,53
7717,82
7718,28
7719,14
7720,98
7721,17
7722,53
7723,48
7724,37
7725,24
7726,58
7727,56
7728,78
7729,53
7730,80
7731,5
7732,48
7733,55
7734,81
7735,71
7736,89
7737,34
7738,78
7739,54
7740,43
7741,24
7742,40
7743,77
7744,88
7745,76
7746,87
7747,84
7748,73
7749,2
7750,44
7751,78
7752,40
7753,90
7754,77
7755,16
7756,11
7757,88
7758,19
7759,2
7760,10
7761,1
7762,66
7763,98
7764,8
7765,19
7766,89
7767,9
7768,57
7769,63
7770,63
7771,57
7772,13
7773,99
7774,64
7775,62
7776,55
7777,98
7778,83
7779,21
7780,54
7781,77
7782,45
7783,34
7784,86
7785,53
7786,28
7787,82
7788,59
7789,86
7790,18
7791,91
7792,24
7793,15
7794,92
7795,10
7796,34
7797,30
7798,50
7799,1
7800,1
7801,98
7802,84
7803,44
7804,17
7805,13
7806,27
7807,6
7808,80
7809,13
7810,72
7811,1
7812,2
7813,21
7814,29
7815,9
7816,20
7817,87
7818,60
7819,90
7820,72
7821,48
7822,5
7823,98
7824,24
7825,47
7826,19
7827,95
7828,36
7829,88
7830,39
7831,97
7832,60
7833,98
7834,57
7835,82
7836,32
7837,97
7838,76
7839,83
7840,88
7841,11
7842,84
7843,76
7844,82
7845,87
7846,39
7847,70
7848,27
7849,40
7850,80
7851,64
7852,87
7853,80
7854,16
7855,10
7856,89
7857,41
7858,81
7859,42
7860,66
7861,70
7862,70
7863,16
7864,68
7865,74
7866,94
7867,49
7868,95
7869,87
7870,100
7871,69
7872,69
7873,64
7874,79
7875,39
7876,95
7877,19
7878,84
7879,49
7880,49
7881,87
7882,29
7883,95
7884,40
7885,23
7886,90
7887,7
7888,83
7889,80
7890,67
7891,3
7892,21
7893,16
7894,100
7895,16
7896,52
7897,9
7898,16
7899,51
7900,8
7901,10
7902,29
7903,57
7904,57
7905,2
7906,1
7907,67
7908,84
7909,69
7910,11
7911,97
7912,73
7913,49
7914,3
7915,99
7916,20
7917,68
7918,24
7919,24
7920,3
7921,59
7922,42
7923,62
7924,22
7925,80
7926,75
7927,99
7928,2
7929,93
7930,35
7931,58
7932,54
7933,65
7934,25
7935,25
7936,12
7937,19
7938,14
7939,99
7940,76
7941,61
7942,59
7943,69
7944,95
7945,62
7946,91
7947,19
7948,53
7949,99
7950,44
7951,5
7952,49
7953,83
7954,81
7955,64
7956,5
7957,4
7958,4
7959,44
7960,35
7961,66
7962,26
7963,42
7964,4
7965,97
7966,53
7967,99
7968,74
7969,46
7970,29
7971,40
7972,47
7973,31
7974,39
7975,71
7976,89
7977,100
7978,11
7979,84
7980,22
7981,62
7982,31
7983,18
7984,18
7985,96
7986,94
7987,43
7988,95
7989,79
7990,25
7991,47
7992,11
7993,98
7994,20
7995,72
7996,27
7997,61
7998,53
7999,48
8000,31
8001,12
8002,40
8003,88
8004,56
8005,62
8006,43
8007,96
8008,63
8009,95
8010,76
8011,85
8012,36
8013,14
8014,50
8015,88
8016,10
8017,7
8018,44
8019,13
8020,5
8021,98
8022,56
8023,38
8024,20
8025,90
8026,53
8027,24
8028,1
8029,69
8030,25
8031,63
8032,98
8033,1
8034,77
8035,19
8036,63
8037,32
8038,20
8039,37
8040,20
8041,8
8042,99
8043,67
8044,13
8045,26
8046,72
8047,29
8048,53
8049,78
8050,28
8051,57
8052,18
8053,31
8054,40
8055,66
8056,5
8057,88
8058,46
8059,87
8060,57
8061,89
8062,29
8063,98
8064,64
8065,41
8066,9
8067,58
8068,25
8069,97
8070,38
8071,63
8072,94
8073,6
8074,44
8075,53
8076,39
8077,18
8078,99
8079,60
8080,21
8081,87
8082,9
8083,50
8084,77
8085,6
8086,45
8087,70
8088,98
8089,68
8090,44
8091,88
8092,27
8093,36
8094,68
8095,23
8096,44
8097,57
8098,28
8099,76
8100,87
8101,8
8102,63
8103,44
8104,66
8105,92
8106,98
8107,54
8108,66
8109,82
8110,2
8111,80
8112,24
8113,83
8114,49
8115,75
8116,52
8117,70
8118,18
8119,26
8120,5
8121,40
8122,25
8123,12
8124,47
8125,72
8126,98
8127,42
8128,98
8129,65
8130,97
8131,17
8132,28
8133,96
8134,62
8135,15
8136,52
8137,94
8138,39
8139,71
8140,8
8141,11
8142,83
8143,23
8144,59
8145,59
8146,14
8147,60
8148,24
8149,66
8150,43
8151,28
8152,80
8153,81
8154,10
8155,71
8156,5
8157,79
8158,96
8159,71
8160,62
8161,88
8162,10
8163,34
8164,22
8165,77
8166,28
8167,33
8168,53
8169,75
8170,29
8171,14
8172,74
8173,21
8174,8
8175,83
8176,28
8177,12
8178,62
8179,3
8180,39
8181,42
8182,65
8183,70
8184,88
8185,81
8186,58
8187,59
8188,5
8189,48
8190,22
8191,20
8192,29
8193,6
8194,36
8195,28
8196,30
8197,51
8198,19
8199,31
8200,73
8201,16
8202,1
8203,20
8204,74
8205,18
8206,42
8207,20
8208,64
8209,5
8210,86
8211,74
8212,24
8213,92
8214,77
8215,6
8216,14
8217,72
8218,85
8219,65
8220,72
8221,37
8222,72
8223,78
8224,87
8225,79
8226,19
8227,19
8228,44
8229,40
8230,48
8231,56
8232,38
8233,12
8234,12
8235,40
8236,92
8237,100
8238,64
8239,5
8240,12
8241,96
8242,69
8243,26
8244,71
8245,2
8246,45
8247,67
8248,64
8249,34
8250,82
8251,29
8252,70
8253,87
8254,88
8255,2
8256,60
8257,76
8258,11
8259,21
8260,37
8261,100
8262,90
8263,53
8264,18
8265,39
8266,82
8267,8
8268,75
8269,77
8270,58
8271,45
8272,77
8273,68
8274,69
8275,40
8276,28
8277,27
8278,15
8279,30
8280,26
8281,65
8282,79
8283,54
8284,48
8285,52
8286,56
8287,74
8288,68
8289,95
8290,68
8291,68
8292,41
8293,74
8294,95
8295,93
8296,82
8297,54
8298,25
8299,6
8300,6
8301,29
8302,32
8303,6
8304,49
8305,12
8306,76
8307,33
8308,70
8309,53
8310,60
8311,84
8312,10
8313,46
8314,49
8315,3
8316,58
8317,67
8318,87
8319,39
8320,31
8321,35
8322,14
8323,68
8324,23
8325,85
8326,75
8327,9
8328,55
8329,24
8330,74
8331,54
8332,52
8333,65
8334,53
8335,99
8336,93
8337,100
8338,62
8339,71
8340,18
8341,54
8342,90
8343,67
8344,49
8345,37
8346,5
8347,49
8348,1
8349,74
8350,15
8351,68
8352,28
8353,53
8354,1
8355,64
8356,31
8357,96
8358,25
8359,50
8360,95
8361,44
8362,67
8363,66
8364,30
8365,10
8366,98
8367,1
8368,14
8369,28
8370,36
8371,80
8372,84
8373,8
8374,36
8375,11
8376,21
8377,21
8378,21
8379,71
8380,34
8381,59
8382,65
8383,84
8384,40
8385,41
8386,81
8387,95
8388,11
8389,88
8390,65
8391,45
8392,25
8393,66
8394,17
8395,38
8396,70
8397,97
8398,98
8399,72
8400,33
8401,69
8402,97
8403,97
8404,12
8405,58
8406,19
8407,29
8408,35
8409,89
8410,60
8411,43
8412,56
8413,49
8414,80
8415,62
8416,37
8417,76
8418,25
8419,26
8420,17
8421,15
8422,50
8423,71
8424,19
8425,22
8426,97
8427,20
8428,15
8429,21
8430,75
8431,54
8432,65
8433,33
8434,88
8435,80
8436,65
8437,3
8438,57
8439,18
8440,39
8441,26
8442,13
8443,2
8444,89
8445,63
8446,34
8447,92
8448,70
8449,28
8450,74
8451,41
8452,82
8453,29
8454,16
8455,23
8456,94
8457,59
8458,98
8459,53
8460,32
8461,15
8462,97
8463,50
8464,52
8465,71
8466,25
8467,27
8468,86
8469,8
8470,57
8471,72
8472,73
8473,96
8474,15
8475,26
8476,16
8477,21
8478,38
8479,71
8480,74
8481,30
8482,62
8483,18
8484,40
8485,41
8486,37
8487,91
8488,76
8489,38
8490,22
8491,15
8492,6
8493,38
8494,100
8495,1
8496,100
8497,34
8498,55
8499,53
8500,33
8501,64
8502,87
8503,89
8504,88
8505,24
8506,86
8507,70
8508,80
8509,75
8510,38
8511,70
8512,37
8513,64
8514,67
8515,95
8516,86
8517,80
8518,60
8519,26
8520,77
8521,10
8522,13
8523,72
8524,44
8525,54
8526,6
8527,71
8528,10
8529,85
8530,25
8531,36
8532,77
8533,3
8534,6
8535,25
8536,93
8537,48
8538,11
8539,78
8540,15
8541,96
8542,57
8543,13
8544,16
8545,29
8546,80
8547,71
8548,7
8549,18
8550,43
8551,54
8552,40
8553,60
8554,41
8555,83
8556,7
8557,43
8558,69
8559,77
8560,62
8561,69
8562,40
8563,59
8564,46
8565,58
8566,87
8567,43
8568,62
8569,44
8570,5
8571,54
8572,67
8573,80
8574,35
8575,94
8576,10
8577,55
8578,39
8579,47
8580,67
8581,29
8582,22
8583,35
8584,74
8585,3
8586,77
8587,46
8588,57
8589,42
8590,2
8591,4
8592,4
8593,49
8594,28
8595,58
8596,6
8597,88
8598,94
8599,99
8600,72
8601,55
8602,72
8603,80
8604,64
8605,28
8606,89
8607,25
8608,45
8609,92
8610,66
8611,68
8612,22
8613,40
8614,19
8615,90
8616,28
8617,13
8618,53
8619,51
8620,81
8621,67
8622,78
8623,58
8624,80
8625,93
8626,98
8627,2
8628,99
8629,44
8630,35
8631,16
8632,13
8633,28
8634,19
8635,16
8636,83
8637,36
8638,25
8639,23
8640,33
8641,44
8642,80
8643,74
8644,47
8645,92
8646,83
8647,10
8648,15
8649,76
8650,88
8651,30
8652,42
8653,51
8654,10
8655,6
8656,40
8657,64
8658,66
8659,70
8660,14
8661,88
8662,27
8663,24
8664,10
8665,48
8666,62
8667,48
8668,69
8669,25
8670,100
8671,31
8672,15
8673,26
8674,42
8675,33
8676,23
8677,46
8678,29
8679,74
8680,75
8681,19
8682,75
8683,40
8684,63
8685,73
8686,76
8687,53
8688,78
8689,89
8690,76
8691,27
8692,77
8693,98
8694,96
8695,67
8696,61
8697,44
8698,24
8699,39
8700,100
8701,16
8702,55
8703,91
8704,2
8705,70
8706,84
8707,5
8708,86
8709,88
8710,19
8711,3
8712,62
8713,82
8714,98
8715,47
8716,46
8717,84
8718,63
8719,4
8720,83
8721,74
8722,2
8723,13
8724,93
8725,67
8726,29
8727,63
8728,83
8729,93
8730,1
8731,95
8732,46
8733,17
8734,34
8735,69
8736,76
8737,40
8738,41
8739,95
8740,91
8741,8
8742,52
8743,65
8744,63
8745,16
8746,93
8747,75
8748,49
8749,15
8750,11
8751,6
8752,73
8753,83
8754,70
8755,68
8756,96
8757,5
8758,19
8759,24
8760,44
8761,6
8762,73
8763,83
8764,87
8765,55
8766,89
8767,8
8768,16
8769,38
8770,61
8771,29
8772,95
8773,29
8774,83
8775,28
8776,67
8777,79
8778,9
8779,45
8780,25
8781,50
8782,83
8783,20
8784,64
8785,28
8786,57
8787,62
8788,28
8789,44
8790,100
8791,86
8792,73
8793,15
8794,95
8795,76
8796,25
8797,89
8798,14
8799,26
8800,66
8801,79
8802,65
8803,23
8804,67
8805,53
8806,28
8807,56
8808,30
8809,18
8810,3
8811,17
8812,2
8813,62
8814,44
8815,45
8816,27
8817,50
8818,40
8819,36
8820,92
8821,17
8822,93
8823,90
8824,7
8825,8
8826,83
8827,33
8828,13
8829,61
8830,21
8831,97
8832,11
8833,92
8834,32
8835,3
8836,42
8837,33
8838,50
8839,35
8840,50
8841,68
8842,48
8843,19
8844,40
8845,77
8846,70
8847,62
8848,34
8849,69
8850,19
8851,83
8852,28
8853,33
8854,2
8855,6
8856,27
8857,8
8858,98
8859,48
8860,12
8861,43
8862,74
8863,19
8864,15
8865,2
8866,98
8867,57
8868,19
8869,5
8870,91
8871,13
8872,7
8873,94
8874,59
8875,39
8876,72
8877,91
8878,26
8879,75
8880,67
8881,61
8882,15
8883,56
8884,37
8885,92
8886,15
8887,24
8888,92
8889,93
8890,51
8891,97
8892,47
8893,98
8894,56
8895,80
8896,18
8897,75
8898,50
8899,83
8900,74
8901,73
8902,75
8903,40
8904,77
8905,59
8906,98
8907,19
8908,83
8909,18
8910,52
8911,15
8912,39
8913,45
8914,55
8915,28
8916,97
8917,55
8918,32
8919,73
8920,94
8921,77
8922,21
8923,75
8924,38
8925,89
8926,32
8927,61
8928,55
8929,29
8930,76
8931,100
8932,92
8933,21
8934,1
8935,81
8936,66
8937,55
8938,5
8939,19
8940,95
8941,19
8942,26
8943,53
8944,21
8945,53
8946,14
8947,20
8948,13
8949,51
8950,25
8951,14
8952,45
8953,2
8954,12
8955,28
8956,3
8957,17
8958,94
8959,78
8960,17
8961,28
8962,83
8963,98
8964,68
8965,43
8966,44
8967,44
8968,28
8969,13
8970,54
8971,19
8972,66
8973,11
8974,89
8975,56
8976,52
8977,45
8978,1
8979,37
8980,57
8981,70
8982,58
8983,40
8984,1
8985,2
8986,44
8987,75
8988,75
8989,65
8990,94
8991,62
8992,4
8993,6
8994,50
8995,94
8996,21
8997,11
8998,25
8999,6
9000,96
9001,82
9002,58
9003,22
9004,94
9005,96
9006,32
9007,34
9008,30
9009,10
9010,3
9011,66
9012,35
9013,11
9014,76
9015,82
9016,2
9017,66
9018,44
9019,62
9020,39
9021,63
9022,29
9023,29
9024,100
9025,69
9026,55
9027,92
9028,6
9029,24
9030,52
9031,79
9032,95
9033,59
9034,8
9035,16
9036,44
9037,29
9038,83
9039,24
9040,95
9041,35
9042,73
9043,37
9044,87
9045,83
9046,6
9047,25
9048,40
9049,66
9050,36
9051,65
9052,24
9053,32
9054,72
9055,53
9056,52
9057,29
9058,21
9059,61
9060,9
9061,34
9062,45
9063,73
9064,7
9065,40
9066,27
9067,27
9068,42
9069,71
9070,9
9071,64
9072,9
9073,8
9074,76
9075,1
9076,36
9077,6
9078,16
9079,70
9080,60
9081,74
9082,65
9083,22
9084,54
9085,25
9086,53
9087,88
9088,93
9089,84
9090,48
9091,1
9092,55
9093,75
9094,35
9095,27
9096,100
9097,67
9098,33
9099,18
9100,59
9101,15
9102,94
9103,100
9104,37
9105,67
9106,65
9107,6
9108,29
9109,11
9110,41
9111,14
9112,71
9113,89
9114,45
9115,94
9116,36
9117,29
9118,82
9119,65
9120,6
9121,47
9122,39
9123,48
9124,86
9125,54
9126,78
9127,13
9128,10
9129,44
9130,60
9131,75
9132,16
9133,1
9134,38
9135,5
9136,86
9137,59
9138,39
9139,43
9140,44
9141,98
9142,94
9143,60
9144,6
9145,34
9146,78
9147,84
9148,20
9149,94
9150,100
9151,7
9152,55
9153,77
9154,63
9155,21
9156,56
9157,77
9158,86
9159,38
9160,16
9161,53
9162,75
9163,40
9164,71
9165,80
9166,46
9167,63
9168,100
9169,70
9170,39
9171,91
9172,60
9173,49
9174,46
9175,6
9176,53
9177,80
9178,49
9179,58
9180,88
9181,61
9182,6
9183,9
9184,83
9185,55
9186,25
9187,72
9188,45
9189,25
9190,26
9191,68
9192,34
9193,61
9194,98
9195,1
9196,26
9197,9
9198,55
9199,74
9200,67
9201,74
9202,7
9203,37
9204,59
9205,23
9206,44
9207,95
9208,46
9209,61
9210,59
9211,87
9212,1
9213,66
9214,3
9215,34
9216,34
9217,85
9218,21
9219,37
9220,16
9221,29
9222,43
9223,28
9224,39
9225,21
9226,80
9227,56
9228,77
9229,51
9230,13
9231,46
9232,18
9233,25
9234,81
9235,89
9236,3
9237,34
9238,24
9239,83
9240,97
9241,33
9242,100
9243,53
9244,72
9245,40
9246,37
9247,17
9248,6
9249,61
9250,58
9251,73
9252,12
9253,59
9254,99
9255,98
9256,49
9257,70
9258,74
9259,12
9260,30
9261,12
9262,83
9263,35
9264,27
9265,19
9266,3
9267,20
9268,2
9269,53
9270,39
9271,70
9272,17
9273,83
9274,17
9275,74
9276,71
9277,86
9278,13
9279,74
9280,14
9281,2
9282,92
9283,86
9284,28
9285,29
9286,42
9287,88
9288,75
9289,75
9290,39
9291,12
9292,59
9293,74
9294,84
9295,74
9296,56
9297,83
9298,74
9299,83
9300,70
9301,19
9302,60
9303,30
9304,78
9305,52
9306,47
9307,8
9308,71
9309,1
9310,80
9311,66
9312,37
9313,21
9314,18
9315,50
9316,79
9317,67
9318,47
9319,69
9320,14
9321,53
9322,99
9323,14
9324,89
9325,73
9326,69
9327,100
9328,76
9329,92
9330,94
9331,78
9332,37
9333,54
9334,20
9335,86
9336,68
9337,90
9338,83
9339,83
9340,20
9341,79
9342,87
9343,33
9344,90
9345,75
9346,7
9347,47
9348,89
9349,74
9350,61
9351,47
9352,19
9353,58
9354,45
9355,25
9356,86
9357,16
9358,3
9359,54
9360,69
9361,73
9362,56
9363,24
9364,7
9365,72
9366,66
9367,89
9368,89
9369,59
9370,95
9371,87
9372,40
9373,51
9374,66
9375,37
9376,1
9377,64
9378,39
9379,54
9380,2
9381,41
9382,6
9383,80
9384,83
9385,69
9386,45
9387,77
9388,69
9389,80
9390,44
9391,34
9392,50
9393,19
9394,4
9395,62
9396,58
9397,2
9398,91
9399,79
9400,28
9401,15
9402,94
9403,82
9404,46
9405,6
9406,59
9407,6
9408,61
9409,2
9410,5
9411,94
9412,53
9413,28
9414,91
9415,65
9416,48
9417,13
9418,21
9419,50
9420,57
9421,57
9422,46
9423,71
9424,40
9425,97
9426,70
9427,58
9428,63
9429,82
9430,28
9431,53
9432,3
9433,2
9434,59
9435,56
9436,32
9437,29
9438,83
9439,21
9440,98
9441,69
9442,16
9443,29
9444,37
9445,3
9446,55
9447,61
9448,46
9449,66
9450,62
9451,78
9452,24
9453,34
9454,48
9455,70
9456,60
9457,66
9458,53
9459,56
9460,19
9461,51
9462,20
9463,42
9464,6
9465,1
9466,49
9467,64
9468,5
9469,22
9470,94
9471,34
9472,41
9473,53
9474,44
9475,9
9476,55
9477,96
9478,95
9479,74
9480,26
9481,36
9482,82
9483,20
9484,69
9485,59
9486,75
9487,16
9488,80
9489,6
9490,88
9491,82
9492,85
9493,26
9494,97
9495,6
9496,57
9497,29
9498,25
9499,32
9500,27
9501,30
9502,99
9503,50
9504,43
9505,27
9506,81
9507,97
9508,37
9509,97
9510,31
9511,49
9512,40
9513,67
9514,70
9515,13
9516,83
9517,79
9518,29
9519,25
9520,89
9521,45
9522,89
9523,54
9524,65
9525,52
9526,3
9527,88
9528,89
9529,77
9530,89
9531,30
9532,18
9533,53
9534,79
9535,86
9536,85
9537,97
9538,69
9539,40
9540,24
9541,67
9542,88
9543,49
9544,47
9545,84
9546,21
9547,56
9548,20
9549,29
9550,57
9551,68
9552,25
9553,42
9554,92
9555,53
9556,59
9557,18
9558,50
9559,67
9560,20
9561,67
9562,15
9563,54
9564,88
9565,95
9566,99
9567,96
9568,36
9569,1
9570,53
9571,38
9572,6
9573,51
9574,53
9575,91
9576,68
9577,82
9578,64
9579,96
9580,71
9581,91
9582,8
9583,44
9584,29
9585,98
9586,25
9587,67
9588,47
9589,40
9590,29
9591,90
9592,25
9593,29
9594,59
9595,37
9596,50
9597,73
9598,85
9599,32
9600,60
9601,59
9602,12
9603,6
9604,71
9605,30
9606,44
9607,4
9608,80
9609,93
9610,88
9611,6
9612,18
9613,36
9614,51
9615,18
9616,35
9617,94
9618,81
9619,71
9620,64
9621,70
9622,63
9623,96
9624,69
9625,51
9626,44
9627,13
9628,5
9629,75
9630,41
9631,15
9632,89
9633,15
9634,61
9635,36
9636,17
9637,44
9638,73
9639,22
9640,34
9641,87
9642,25
9643,62
9644,88
9645,80
9646,22
9647,12
9648,28
9649,1
9650,54
9651,57
9652,65
9653,92
9654,46
9655,7
9656,54
9657,62
9658,16
9659,38
9660,2
9661,59
9662,45
9663,7
9664,39
9665,24
9666,91
9667,24
9668,81
9669,68
9670,61
9671,19
9672,14
9673,48
9674,56
9675,93
9676,84
9677,90
9678,5
9679,74
9680,74
9681,12
9682,8
9683,1
9684,94
9685,87
9686,66
9687,23
9688,6
9689,34
9690,11
9691,21
9692,79
9693,68
9694,2
9695,62
9696,62
9697,79
9698,13
9699,85
9700,35
9701,55
9702,38
9703,76
9704,70
9705,45
9706,52
9707,71
9708,19
9709,28
9710,47
9711,1
9712,75
9713,48
9714,39
9715,26
9716,90
9717,97
9718,35
9719,56
9720,40
9721,44
9722,84
9723,22
9724,19
9725,65
9726,85
9727,97
9728,60
9729,64
9730,83
9731,7
9732,97
9733,77
9734,16
9735,27
9736,17
9737,20
9738,74
9739,2
9740,92
9741,100
9742,90
9743,17
9744,88
9745,6
9746,16
9747,55
9748,56
9749,72
9750,44
9751,98
9752,53
9753,72
9754,84
9755,39
9756,23
9757,100
9758,9
9759,7
9760,62
9761,71
9762,86
9763,75
9764,99
9765,64
9766,95
9767,29
9768,84
9769,92
9770,36
9771,32
9772,72
9773,36
9774,51
9775,45
9776,74
9777,66
9778,87
9779,74
9780,80
9781,86
9782,83
9783,56
9784,80
9785,92
9786,4
9787,76
9788,34
9789,11
9790,95
9791,36
9792,29
9793,21
9794,64
9795,25
9796,99
9797,40
9798,93
9799,6
9800,84
9801,21
9802,2
9803,36
9804,42
9805,51
9806,66
9807,91
9808,2
9809,97
9810,78
9811,84
9812,91
9813,74
9814,26
9815,36
9816,26
9817,18
9818,30
9819,32
9820,32
9821,3
9822,43
9823,57
9824,66
9825,68
9826,11
9827,34
9828,24
9829,81
9830,19
9831,16
9832,15
9833,44
9834,10
9835,90
9836,97
9837,18
9838,50
9839,68
9840,32
9841,88
9842,36
9843,64
9844,53
9845,3
9846,28
9847,17
9848,4
9849,19
9850,88
9851,1
9852,13
9853,1
9854,69
9855,63
9856,5
9857,95
9858,74
9859,72
9860,80
9861,2
9862,20
9863,18
9864,6
9865,72
9866,4
9867,71
9868,26
9869,46
9870,51
9871,61
9872,25
9873,36
9874,15
9875,35
9876,88
9877,33
9878,69
9879,44
9880,17
9881,24
9882,82
9883,18
9884,43
9885,15
9886,53
9887,95
9888,86
9889,4
9890,87
9891,81
9892,53
9893,10
9894,42
9895,12
9896,71
9897,87
9898,95
9899,10
9900,79
9901,54
9902,74
9903,41
9904,64
9905,1
9906,80
9907,61
9908,62
9909,54
9910,61
9911,90
9912,8
9913,36
9914,77
9915,53
9916,95
9917,67
9918,62
9919,80
9920,51
9921,49
9922,88
9923,22
9924,73
9925,77
9926,67
9927,37
9928,95
9929,24
9930,13
9931,63
9932,84
9933,95
9934,28
9935,4
9936,36
9937,88
9938,27
9939,71
9940,92
9941,24
9942,37
9943,65
9944,29
9945,6
9946,98
9947,45
9948,68
9949,9
9950,48
9951,25
9952,30
9953,80
9954,97
9955,84
9956,57
9957,9
9958,49
9959,54
9960,30
9961,66
9962,18
9963,11
9964,16
9965,21
9966,96
9967,75
9968,43
9969,45
9970,44
9971,27
9972,74
9973,45
9974,18
9975,18
9976,24
9977,73
9978,78
9979,46
9980,46
9981,15
9982,37
9983,40
9984,39
9985,5
9986,54
9987,44
9988,75
9989,1
9990,72
9991,60
9992,22
9993,69
9994,48
9995,44
9996,72
9997,59
9998,25
9999,65
10000,90
